gistId,user
1117287,mbostock
1341679,mbostock
1353700,mbostock
2368837,mbostock
3712408,mbostock
3885211,mbostock
4060366,mbostock
4062045,mbostock
4063550,mbostock
4063570,mbostock
4339184,mbostock
5234763,mbostock
5914438,mbostock
6232537,mbostock
6232620,mbostock
6675193,mbostock
7131066,1wheel
7295691,veltman
7319704,1wheel
7743519,1wheel
7853815,dustinlarimer
8571405,1wheel
8683329,1wheel
9537092,dustinlarimer
9561309,1wheel
9744818,mbostock
9862212,aubergene
9908181,dustinlarimer
98d8b4eba987224e3c84,micahstubbs
d0f24814d52ded666b05,madelfio
8b6c3d9694a96177bf8d,1wheel
0fe7b82d7c188c2d26a3,1wheel
0ef8f288bd82bc361143,1wheel
bafa6a781f8ff62793e0,1wheel
1bf94faef87589b1d667,1wheel
a5e20295a7ddf2191150,1wheel
5f6c31f938f654c7656b,1wheel
62a22a8204ee4e6d06df,1wheel
c305d9aaf46e29548f37,1wheel
2af41f436119558c97bd,1wheel
b7e664bfb668a567497d,1wheel
7f71df66fedc89307c57,1wheel
c9e35bd69012dd9adb48,1wheel
5680315cf86bf3754207,1wheel
090436b17ab648996533,1wheel
408f41a4e4c721c5e1fb,1wheel
52da010eeef9cc5aca2e,1wheel
f1f27a57dd8f400b3ab7,1wheel
4a9392c7f64d4490b818,1wheel
6c1541fbf75f9c23d880,1wheel
b92ffecc475af79adab6,1wheel
14c2176460be8ee7d389,1wheel
ee3c45e8bcde0a2c9712,1wheel
9b14d51873461913e2ec,1wheel
747b57d4d324c440c3f1,1wheel
00170d49e926de0c3a9a,1wheel
ec9164ad2ce1f12ed55c,1wheel
5217aaa0bd90e79e3837,1wheel
41b09ea34e825bcefb24,1wheel
79ed32828a2db39ec232,1wheel
12bdfef9ef07cf9ee39c,1wheel
92800fa6cdbeb5c23023,1wheel
0e0a43f3bc446ad6d61a,1wheel
cbd9053de9bb39231924,1wheel
5d32ecb8a54b42f53646,1wheel
1b6758978dc2d52d3a37,1wheel
34dde25598bff6b6f76c,1wheel
e2e482660bc8436a0c85,1wheel
e0c26b0974e3674de312,1wheel
d8994223339c9b546bf0,1wheel
748b64633897193c014e,1wheel
de3df8fd60e832ab69a2,1wheel
b3efe2ec097e7937dc0f,1wheel
c3a4feeb5bf20a76d716,1wheel
f68d0cae925373dbd7cf,1wheel
a9a5d7cf4ea37217c8c0,1wheel
67b47524ed8ed829d021,1wheel
fa160fe77111ef4165d6,1wheel
732f86cf0f4061fa37e1,1wheel
4ce79e17c1c3277594db,1wheel
1e62506e7bca2ddfbb82,1wheel
1e86c34932980874eb5f,1wheel
fd36310058f0b9965318,1wheel
f3ea4168386371ba5475,1wheel
de3824e045523ac67a56,1wheel
5e4c58d0b2a5386bad2d,1wheel
7c8e364a4920f754729d,andresin87
99df29f258860e53c5e2,micahstubbs
7bd09eabdacbb3670741,espinielli
e861d41a234c35cfceb6,GordonSmith
71e28d9345fe6c3e64cf,GordonSmith
eeefbff178662b1acd01,GordonSmith
898afff5657fcd2dc73a,thadk
50c66eed1d563a88ba3b,andresin87
822cf24522a52078a03f,1wheel
79a82f4b9bffb69d89ae,mbostock
70d5541b547cc222aa02,mbostock
2b116e0a95b4c981d50a,mbostock
6047b93d9d37bc1d8f89,mbostock
c5c0c7de6a357a6780a3,mbostock
835cf2925ba217821434,mbostock
f5c80475ba399e36d530,gordonwoodhull
99899a53c85f98f0a0ca,gordonwoodhull
472a372b1c71bd7befe4,micahstubbs
e8d3ddd6399df051dbae,aubergene
1991fb321f8e91f00c7c,veltman
b656785e18b8509993ef,veltman
c4c995ace1bf181945fb,veltman
627c4c9b4ccaefe6e0d8,veltman
8bfb6be8ba724551b009,veltman
be51c31f1370b7eb0792,veltman
d0b033db45a7dc016094,veltman
63c1ace02b74988fcddf,veltman
23460413ea085c024bf8,veltman
d1b8c76c16ceab5d3b45,veltman
94a6ddbb5c4a23ebae34,veltman
344418d9602a29825d63,veltman
2cd093f397129593a5de,veltman
6a922b0fb6abbb815158,veltman
7d893d6f9273e5f920e3,veltman
1071413ad6b5b542a1a3,veltman
03edaa335f93b5a9ee57,veltman
b100d04bda697f95f246,veltman
bbbe7947d1def3303f20,veltman
38149d05ea247cbcebb1,veltman
5994bc0e60cbef5f9390,veltman
87596f5a256079b95eb9,veltman
ad5aaa518266ead2cc55,veltman
e71f13cd32169f319625,veltman
b4b981fb85829937fc7c,veltman
238195622cce0d9d2946,veltman
863a97a3fa19751831cb,dustinlarimer
e59f757019dee7fcbf36,andresin87
13a528091a9785bd9e50,micahstubbs
a7ae83252305ed4d54d4,mbostock
c150b717e18d387e1b98,mbostock
b89c89ec6b58435956a1,mbostock
c7e85d2b47d11982db38,mbostock
a4b53ef57fce8fffc423,mbostock
949ce9c1b6f3e54c6e18,veltman
389c76c6a544af9f0cab,ColinEberhardt
67904eab9d240135fc3f,espinielli
b7e78429ce54abc2154f,micahstubbs
b07f8ae91c5e9e45719c,mbostock
2e73ec84221cb9773f4c,mbostock
6bbb0a7ff7686b124d80,mbostock
65458b68265fd35d2f68,timelyportfolio
399cc363de26fee868d6,veltman
20a3f4e81d9d54ab5547,veltman
5de325668417b1d504dc,veltman
d752099c1bc9042b965e,yonester
943bbf9b7e99b6e9c95e8f0febd85e1c,1wheel
d43f93e5e205e31142e3b186bfdf8092,1wheel
201cd68099f8889d18a6e9f7d318feca,1wheel
ac8d28c794c72996b9b963aad33dd77a,1wheel
45a64390ce171c672b43aba80aa0ad72,1wheel
7db080b8909bfe2d732eeb33909de6ec,1wheel
3265497d953ab7397dde7c4c75a5b637,1wheel
ae4d68a4b72d08c25c47f27cc5815672,1wheel
1718c90e4784aaf1143689ce142cb9a6,1wheel
f0c1efc49b8ade6739172cd2823d85fe,1wheel
e39da3b55a04df16aaed556c7711ff5f,1wheel
ed387b59d4968d1ed9ffbac10d13b22c,1wheel
34fc0abc2d20fd342ab1ca45af284348,1wheel
b294e6ed9a845cb65e7b4ef63a8dd731,1wheel
75449cf6cc106e8533d767eb2c5f0232,1wheel
dabdb5bd3eabf8e2da752fee31bbec14,1wheel
23934d93046d15a031a74be471620036,1wheel
8b27f906e361199ca6d3d60c50a5a596,1wheel
2e34aa072ec8e1513114d82627f4e018,1wheel
464141fe9b940153e636,1wheel
c7122eee6247b95dba09,1wheel
f4dd5c4b997e02efe9be,1wheel
937d155db5a1899b8ad856a5010e2625,BBischof
d5ac5608467c9cea983018fda46a39f0,BBischof
55811a4111d5d1fad25937fb51436671,BBischof
07f00f90524c4c2b99c944780c2f4e7c,Fil
007e6492155fc18906fb184cc486913b,Fil
7c3c41f1524dcf2caea54290cceddf0a,Fil
959437d834f4a01eb4d1023cdd107554,Fil
94d8c3d4a811bf9eed7e3995f69cb49f,Fil
df20827f817abd161c768fa18dcafcf5,Fil
6324442dbdc08bbc2fc0d8cc1cc1cee7,Fil
2d10b09c5c50eee6d311ad5272b95a27,Fil
82d889261f3b980a932fb9f9ef299c40,Fil
1b7ddbcd71454d685d1259781968aefc,Fil
c1b10942f61483d739dd601d09c30deb,Fil
4639744e8be5428e7a8e7b3efd9a80dc,Fil
81dc95ea9d53d4b77d0489ff7ec96bc8,Fil
24a064fb9780e92b9fc49599bbd3a4e3,Fil
d2180473411d1fbbeaf2915d2fab2dd0,Fil
aa92ffae75cc880f7880a3dd6da3ae18,Fil
711834f9dc943d1de9c9577b10a7a872,Fil
69f1d5f68099bf6350ed42aed0941e5c,Fil
ac3a84dbb67b0dff760a2f3e86c6ad4b,Fil
21cc0f29827dacf30a658ef7763c19e7,EmbraceLife
ce3e1c93c067743e20a5d93cff0314e5,EmbraceLife
ce4a6e1769fa6211af94564dffd3e384,EmbraceLife
7efd1f9031beecb5252e57e944e1a440,EmbraceLife
18eb5f215ecb428f88962a73366ddab9,EmbraceLife
eed2f62f855854739ddf5e572d4322ed,EmbraceLife
c4816bcfeb03f2f4e9f10b256bfd2e2d,GordonSmith
62169f8017a585fc142bec9d2c72b9dc,GordonSmith
6c79c4246d10875ec89faec88c4b55e9,GordonSmith
913403c91d45b11473baa82d0ba790a4,GordonSmith
9b0785d902a889f1013449f9b8e2b656,Pacsangon
60f21f40f5ca20d7d2ce0d6a18a6b5c5,Pacsangon
b2ca32084977fa95f8072dece1745b6f,RafaelJMRamos
8c0cfd35f0fb6c5790bcfc14017798b4,RafaelJMRamos
a4c3630b8866c61d242638a37b2bb6b4,Servuc
36931fc3950218df024d0aa7ff8c8d3c,Servuc
a53e771cfeb7a7869d2ed61e91357f4a,Sputniza
3d3567947868d615c418922ad277aeab,alexmacy
788f29ac122b463ecd340562da813e18,altocumulus
aad4c4eca60c7357207700ab53abd9a9,arrayjam
b4ec317f8b41259970b2970975f18c5b,athst
8853e6d2ce880671782b432921fbf103,atomiccc
f625b229792069ef55bbb8a113249ae1,aubergene
8fc1cce4335adc8848d035be61ec1298,aubergene
3ee4a14a80d5a290e49399b64f8f0856,aubergene
baf78b8a3bd6cbf95882d2890231c8f1,aubergene
df94e455da82f82d54197c179af18231,aubergene
78f9d5e5173373404d87b5eb010ddccc,aubergene
501976afc5defa989df75892b258fb90,aubergene
2d675dda7198b5414190a0a61ade6239,aubergene
7141e435261f70048217245d1537ee13,aubergene
0268350edfd5609985e81869a0b5a6f4,azazlife
1a4d7eab9512400de3c03086f03016c8,bryik
a82893253ea55f401af114778bc5453b,bryik
68b4044557f25bd9c578540fc4969b65,bryik
33590d2cc9f712bd4bb040941e6efe22,bryik
3c48d9824c95662db06bb4fdf976efcb,bryik
5a1fcd818e45014639008c3bbf6b9192,bryik
d1b270a41ea3b3a8315476fba5df3ee1,caHaber
77cfb7fb62b37d616e78a8ab3b16d55c,calvinmetcalf
f9805a98b8a455aaccb56e5ee59964f8,cmpolis
395b9670077d49480ad4d808c7f93eff,curran
80962a770d1a8d200eca9a878d52a859,curran
81151e4b94d7123eb89c390aa0ec9bf4,darosh
4bb1ae1e5c71f8c8112b6782c62c528f,davidgutierrez
829d4a0230935617d91c384c26269592,davo
3375965cda4cf705ce0203c970cc0779,dcleao
00a57e89c67906897b6eede56219170e,denjn5
1a3f8e44cdcb3054121dfd991f59fbc2,denjn5
7639efcc86c2f69d83ef4c5bda18da48,donmccurdy
dfe92e5ea80258c502fad3ff88a395cf,donmccurdy
da0e3b4bdb538a18dceb476042325ce2,donmccurdy
bbbe54879b7538cb7bc0ff654e225359,donmccurdy
90fd3b59070ec2b196ba05fc56ea0eab,domhorvath
76feead68af14d55445cabaf4835a9fe,domhorvath
a36efe08f5fc152227a6cffc3aa13297,dribnet
9f735f3bf1dda0dcd9ebf6b5319a8376,dribnet
2327caaffb303de75ebac5ba6f5e0172,edwinwright
7e17fe69cf9e2645640014518255fefb,emilyinamillion
bcda43d3dff4a88fe7931603a7dd7960,emilyinamillion
45b26ce51982834bf1cb24e1c6184acb,emilyinamillion
6f992ea10d093731403cec6d4efcd511,emilyinamillion
9b313af64c04c1574681316282cd1ad1,eric-bunch
8551a58b746bb5673d5fdf7d723b765b,eric-bunch
5fb88c1beadbb93a029cd3797d195c6f,enjalot
e1e442c8664b937112d6faff12c4b191,enjalot
52c99a78be56fa89a9bc8f2b61f3200d,enjalot
f378d8a1fc9ba25ba9253b5ebf16b457,ericsoco
7647add1af302d55558206c77f730bfe,ericsoco
950dd177406e91f97ff755c56343c2d3,espinielli
62a4abd087753b990275b3c2bfb18096,espinielli
1895653475bd9846bd7984246610fff3,fotisz
ee0634c52d20d7d4d434f5e544b17096,fotisz
82a100d178522b84f8bec92d45cdce88,fotisz
5362d585cba034d4d5733f82ff899757,fotisz
1e730085b82de1f1077a618a9f0dfdbb,fotisz
bbae629dc63f0b170184eb8d20615275,geraldarthur
2f16d37becd8eb77593694f5d464885d,jakeNiemiec
135b6e0db7d35aa4bfed34c9e946e751,jermspeaks
65bb6ffd9ad25f8d3cac83f6e77cbf65,jfsiii
55f1c89944cd96718bdccc8260aeea4e,jfsiii
f8d168fda159ff3aa7d7af313889e699,jfsiii
4ff2e0f085e938e7c34629f6c1027715,jfsiii
0a976985910ed6650be56efafdec01ea,jfsiii
ebd4c90712d798e5000605dffc62ff5c,jfsiii
88a52b7945c77a00ff32d98046357338,jhubley
48406982f6988b626d9527d75a98b062,jhubley
02a9d65dded761ea00546fb8bf449cfc,jhubley
3cc23bf95bb5acaaad09152878a13d3b,jhubley
23180a92f4858b9dcefd042886302b39,johan
1272d31a85475acdc059bafd2fb4e36b,kerryrodden
cdc7a31d81344050c91f4c420bf5475e,kerryrodden
4c5ebcc9bca489f8f530bd163b35f39b,larsenmtl
2e12b0bd732e7fe4000e2d11ecab0268,mbostock
9d0899acb5d3b8d839d9d613a9e1fe04,mbostock
772c8a846a3f308e9358,melalj
f2728977cc50761897f83323a8ea5000,mbostock
b4c0f143db88a9eb01a315a1063c1d77,mbostock
19ffece0a45434b0eef3cc4f973d1e3d,mbostock
f48fcdb929a620ed97877e4678ab15e6,mbostock
34f08d5e11952a80609169b7917d4172,mbostock
1ab623030a9d563271f55c5c55dbaf77,mbostock
b11b839d12dbe873d9e6613bfc6582f0,mbostock
5c50a377e76a1974248bd628befdec95,mbostock
3cfa2d1dbae2162a60203b287431382c,mbostock
eb0c48375fcdcdc00c54a92724733d0d,mbostock
aca51512895bd03855efa67aebec474b,mbostock
b2fee5dae98555cf78c9e4c5074b87c3,mbostock
c2c5a989359b746a5538601c8f054c2d,mbostock
048d21cf747371b11884f75ad896e5a5,mbostock
2b534b091d80a8de39219dd076b316cd,mbostock
3127661b6f13f9316be745e77fdfb084,mbostock
a980aba1197350ff2d5a5d0f5244d8d1,mbostock
2a39a768b1d4bc00a09650edef75ad39,mbostock
4e3925cdc804db257a86fdef3a032a45,mbostock
b418a040bb28295e4a78581fe8e269d1,mbostock
d1f7b58631e71fbf9c568345ee04a60e,mbostock
db6b4335bf1662b413e7968910104f0f,mbostock
97557a39b4bfc8229786c8bccb54074d,mbostock
b783fbb2e673561d214e09c7fb5cedee,mbostock
afecf1ce04644ad9036ca146d2084895,mbostock
ad70335eeef6d167bc36fd3c04378048,mbostock
2990a882e007f8384b04827617752738,mbostock
2675ff61ea5e063ede2b5d63c08020c7,mbostock
ec10387f24c1fad2acac3bc11eb218a5,mbostock
444757cc9f0fde320a5f469cd36860f4,mbostock
c206c20294258c18832ff80d8fd395c3,mbostock
22994cc97fefaeede0d861e6815a847e,mbostock
6526445e2b44303eebf21da3b6627320,mbostock
3cba6ac2fac09e5483bf6c1fade733be,mbostock
1b64ec067fcfc51e7471d944f51f1611,mbostock
01ab2e85e8727d6529d20391c0fd9a16,mbostock
31ce330646fa8bcb7289ff3b97aab3f5,mbostock
95aa92e2f4e8345aaa55a4a94d41ce37,mbostock
f584aa36df54c451c94a9d0798caed35,mbostock
5583afd2a0d03b9c94918659fa151cac,mbostock
2838bf53e0e65f369f476afd653663a2,mbostock
bf057ec744c0e2fc763c06a31ff292e1,mbostock
4739610f6d96aaad2fb1e78a72b385ab,mbostock
e9ba78a2c1070980d1b530800ce7fa2b,mbostock
ff91c1558bc570b08539547ccc90050b,mbostock
c677b9bb3c926ba13f3a902acb006b0c,mbostock
50a8a5733b45c6287f7d32e3ac3241c4,mbostock
ca5b03a33affa4160321,mbostock
c0670d6440a60472055596dc3442137f,micahstubbs
ac0faf07e5c83e97003b5a45e437e767,micahstubbs
2e7c882e69aa10d9dc317b59baf64692,micahstubbs
0ad752ff92f0165e88d939efc016ec98,micahstubbs
c7f17dcbdc728e0d579d84e47c33dfa6,micahstubbs
9c2397c1da11c7b5d331653bcd475c1f,micahstubbs
8fc2a6477f5d731dc97887a958f6826d,micahstubbs
536bc140537c1f90bf01f0bb9adc87b8,micahstubbs
c14d8bda8e337da6c836a526ad1a7c5a,micahstubbs
535e57a3a2954a129c13701fe61c681d,micahstubbs
281d7b7a7e39a9b59cf80f1b8bd41a72,micahstubbs
8e15870eb432a21f0bc4d3d527b2d14f,micahstubbs
01529b106c93f9b649c4006de5c79b80,micahstubbs
52b01b0152547c74196a4f960df3e6e8,micahstubbs
7c702b022b8752d68f6026d3a9fc1e88,micahstubbs
7f360cc66abfa28b400b96bc75b8984e,micahstubbs
c05465614201bb9c9b64961da7b8fb98,micahstubbs
275b480d6e9c860c0d0f15a9accc57ca,micahstubbs
f94ee71c353f0152da3bc2ee4351608d,micahstubbs
367748258a75633bfd00fe8db163b3e4,micahstubbs
4bfa3540bfcd8a4093f2b0ee7e22ae0e,micahstubbs
0202be34ae1182b839fe2712307ea702,micahstubbs
e756eb0244c651183bce09e5848fd8d9,micahstubbs
087201246588e39adb305b594ba73b89,micahstubbs
d7f91cec084294c4e2be2b6a60db041b,micahstubbs
89c6bd879d64aa511372064c6cf85711,micahstubbs
f8937584103ab929c314e479a5a457af,micahstubbs
ed0ae1c70256849dab3e35a0241389c9,micahstubbs
2d91de526f6d86c175751f834b629701,micahstubbs
a1380c210258d9bf3c05f6ccd000709e,micahstubbs
391b2dd451189df324c68192e3e25848,micahstubbs
d1990e6f558a1ad159c93a66d0556f30,micahstubbs
e4f5c830c264d26621b80b754219ae1b,micahstubbs
75aede6164e7fdc3527e3ffae7921460,micahstubbs
eaa7007094ac6030e470d4b47cd4f727,micahstubbs
d66a1662fd64a08051dc473f0d1f956e,micahstubbs
c8a068042c204c7676a0a5d8e80bd8ec,micahstubbs
b35f2560f4205570b3328d1b40de0c6c,micahstubbs
c8bbcfd20d979572d2a362f8951fbe6d,micahstubbs
9454eed3a3b77436eba20e0a8d9e1d50,micahstubbs
6a366e759f029599678e293521d7e26c,micahstubbs
9577e89516126469eebd13f40451895f,micahstubbs
ac5a286191c96aaefead809ce2c5bba2,micahstubbs
4fc5b8bdb27bde8a321ba410152a31ae,micahstubbs
87deae68fcab3f70d727401a89ff51a8,micahstubbs
f0f0e56dc7e4efbfcdb88823a40deb84,micahstubbs
734ddd29b231b58ebf7cb87c055883d9,micahstubbs
89e0d8802a2a43d438540e7b05444e62,micahstubbs
948378950dd7b3e31e8cda3b33ebbcc8,micahstubbs
a2f0fbb9b4da06b34b94fdffc2290327,micahstubbs
6abab1f0915ccab28d4ad7ba6cb30084,micahstubbs
428036f0f948a5c2b95f8a4b91931ee6,micahstubbs
ac82cc17c2d35267bb538481948e11d2,mukhtyar
d00c4359e979bba72551307801e91bc1,nstrayer
9e410b5703615b3261de8f1c9a0596b3,renecnielsen
8347091cb7507e7f4827cc4ea662a803,renecnielsen
836d213591362ac8e94a13a8494c3371,rflow
54ea5d2148d834a579ec353aeebf594d,rogerfischer
4e03f6a915c713cf8fe8482d685c8c0b,romsson
2486e62157df1bdd683b4299de215b02,ropeladder
55dece06a80ac8ecb66264105bac8b10,ropeladder
8d96b48cdb2f0c4b11c9ffb8fad8ff58,scresawn
04d1ff3eba1871b609b285be29971c45,siakan
dcbbf16e5201a60dfc212129bf544ed4,siakan
01e1bf56883f5c57c99dde16e13b699e,sifbuilder
8ffee74244c030bb9e90ffa46f17553a,sifbuilder
38ef620a1306ef331ab357cdc180187a,sifbuilder
8be1e3ab5589602e4540d4e849271fe2,sifbuilder
b53925d96274bedf022c6e7633e3fe1c,sifbuilder
3fc45e398b8bd7a17460698e79c19d03,steveharoz
8c3e2524079a8c440df60c1ab72b5d03,steveharoz
4757f406e0292b339985a7dc3cec2d42,steveharoz
b2b873c0cdfa10963ee828fab7a4cbeb,sugi2000
f69e5fe650fda47e05a11836b39e48ce,sugi2000
e7dc072643b1a5f121047280093f459e,syntagmatic
748b02519c942c5291f302e060315ad6,syntagmatic
d83cb1dee8602e8292a73f40fa01471c,tonmcg
6905234ea79bc839f2b6d1d61f7261bc,tonmcg
af64df46f7b5b760fc1db1260dd6ec6a,tonyhschu
d96bba12dc526ab7cd96fa79a969661b,tophtucker
81c467db46a37dfaf75cacb70552b818,tophtucker
fc10549dcb5cbb351b77470b929d975e,tophtucker
a18d11836a353730cef46bd005a82851,tophtucker
f093228a443bf38af53c69722e2c40f4,tophtucker
07acfe8e14559532fd226c954783cd7d,tophtucker
45e8112e70ea9192c8d666dba6fe79fc,tophtucker
c5ef29301512f8325fa058d9092742eb,trebor
aee11f57aaa6b1ec96f1df386166a396,vasturiano
ded69192b8269a78d2d97e24211e64e0,vasturiano
1553f231d27ea26e4606bc353eb7f846,vasturiano
c7bfb3d4a3817f7ee0bf2dd19ff058c1,veltman
c582a31d347e04dd75d5331b0074558e,veltman
87633b7e8de11a3a09af8ab3ee960f15,veltman
4d1413aa5fd3bb5af1a806c146870031,veltman
3d1fb70e6993d4eb2eff7112c9e7bcf4,veltman
de68ecd92fbeed9920037b04e3f47c08,veltman
02d4d8c56f6175a1401436373b8e8403,veltman
f1172731aa3c01fb5179536f9dea0a58,veltman
2ffca9dfddbfe67dc8e70a08fa429d6b,veltman
bb048b09fcd1e77ceba7befb97fc32f0,veltman
ffce0162d5f55eafb9866a1b588831e8,veltman
ebc18f6101169705f8e64aaadae36185,veltman
fc1af365f62c0121b47fd414bf08a3d7,veltman
7664840c2908478123304ba6281a5364,veltman
5365c26001522823d13af67468a4e852,veltman
f24fba4f6549639cacfd4d0a50e9d4b8,veltman
259819801c0ff504d59ace06a9a6faec,veltman
5bc85fa785c151be8fe54970bba70ca6,veltman
15345bbe4e4799a19a21b4acc88dcced,veltman
bb75c2aa76c9b36f2c849dbb14435e23,veltman
1d6da36a626dd265f700d5a583e74e94,veltman
fa74a3aff8497e970454bb064cf8dfd1,veltman
e23c36540c7e89f774d5c663090933c7,veltman
e45cc3a2670779a0bc942ba18163228f,veltman
3ad474e52925d007b292eefbe676174d,veltman
bdd09685e0b0712e22eb7af72d2c098f,veltman
2bed63c8d7bc8559d6eddb8a248ec3ee,veltman
8f5a157276b1dc18ce2fba1bc06dfb48,veltman
4c989172ac2f820b0b7267c53cb96975,veltman
a60ea5bb84b8cae8160511789be6e492,veltman
1b43f61887e89c371f1c8c73341540a3,veltman
f539d97e922b918d47e2b2d1a8bcd2dd,veltman
c40dca6bd026fad7f45531841e1d6c71,veltman
250d10e53f9df0a2e507739ad39fbe5b,veltman
2f2aa947772afa095a620dfe5e5486cb,veltman
cc5dcff17db32e4e910f,veltman
c98b726ab1cc4f4b1477,veltman
5cd1ba0b3c623e7b5146,veltman
606b23b77ecf3991d3b0,veltman
de5b2c2fb198591cfbba46c8d0d52c03,wcjohnson11
7906460e3c508a3f9ab09d9a25163c05,wboykinm
c7c21293250b08c079d512d81be427f7,wboykinm
3ba64baf9aa7121f4ff00bd2eb0c6e53,wboykinm
6feddba760db0cb33e01e10fa00c69bb,wenzelmk
97c8d02bb3d103bc15afe77ed2c68293,zeffii
70d424abbf272586b173,GordonSmith
226af2662be165692142,GordonSmith
23529646dba75d3a014e84ba501b9b3b,almccon
1046fa86bf01c9a1a9c6,andresin87
6d7d7a3dfb3fadfc2633,cool-Blue
2a279cc4df410e749a6b,darosh
43d822f70e4c669f001ec72d23434fbf,erlenstar
4210df40f4e24421ca337fc5987ca367,git-ashish
27fbc6e2c20938ee03422fca42661c5f,krishanson
07be61a538509b8e4a7e,melalj
2394323e478dca231128,melalj
ef85eb677583647daf52,melalj
1aa4dd90b4561deb8de6,melalj
cc130ad4072a2f52a5aa,melalj
ed99e892017c1e9a1ec884c18e874270,mickeykedia
b6819f537c62b08929a1ad88020d66c2,micahstubbs
5e07b8b42f4fb826a7145e800dc23ec2,micahstubbs
fdb0bd65bbfcc57b60bd9d80debb4233,micahstubbs
2bd455e4c2170ec294f88212b930bb88,micahstubbs
0d74dca6457cacee52e6,micahstubbs
ce9602e5b308f3bd53f5,micahstubbs
8ac28913b5f909511c16,micahstubbs
87fbdfc4533df2ffa02b5bb62bfb5cb6,mbostock
07ec62d9957a29a30e71cad962ff2efd,mbostock
6ca2c7bd062dff60f76077e73fdafa16,mbostock
e6962a152275373f8504,mbostock
f85ffb3a5ac518598043,mbostock
911ad09bdead40ec0061,mbostock
6af1d30af3b7d07b9709c9feb205e638,plmrry
70e2ae770cd166731b3eb956f90aac87,renecnielsen
614a28bb852567db8ed8,renecnielsen
477b0c615de37b22ee53438b5a01759d,samirrayani
3f01a58309ddba1735335a9499c8c24b,samirrayani
42265217ccb94644e48be220d5e25946,samirrayani
7ddef981d36414c7bd7df630dfedc41c,shirshanka
214ee520bfdfe8baabe5,tophtucker
a7cfb3d193cf0f71772a07982d0440e9,walkerjeffd
6cd8f2c2be0bd0bde0818fc8c0fb895a,1wheel
bd239cc355de227b1104503fc9d435d2,donmccurdy
8f40cb65b20990ece7f1e54af62d430d,john-clarke
a05a937fccacdc3275d80e697648ca88,ptvans
32f369bb437d7c23198b9b9ccc8d4751,micahstubbs
b758acfc35234f40e590e3473333664a,renecnielsen
50a350e86de82278ffb2df248499d3e2,veltman
cef6abdd952d95350f4fd2ba348c3b77,Adlopez2016
f336518b0b3f1351e026c5bb2ef1c8f3,AndresAnayaIsaza
07c76040d750e87d546aca24393d9818,AndresAnayaIsaza
71a80fa5555d6890b62edef064ad13f4,AndresAnayaIsaza
a4d23a93ab03ab29753e15d4ccaa7180,AndresAnayaIsaza
e025cbd91ac499d360a8b3346cb6f9e7,1wheel
0e23f205cfa04a944ed98d6518b78f11,1wheel
8831c18f8b9babe8245e0e5638f8033c,1wheel
07d9040c3422dac16bd5be741433ff1e,1wheel
4c1658719cfec9ac352ff1e0edc51317,1wheel
f2bd013764a47c63441791d3e12f7e08,1wheel
09c00ac1902506bc289aa302ef8c7301,1wheel
ba31a4e755f7081cfba672a81756e97b,1wheel
e22378ab1b62432180577af5a53de10c,1wheel
7fc284442d0c6dea468d86d32c128e08,1wheel
2485c54783f73150be1540e9ceb33088,1wheel
76f1f3330b09f5efa0b36fb2b9782e4f,1wheel
68073eeba4d19c454a8c25fcd6e9e68a,1wheel
b9b710ba9a1b26a2eaa6c56bfc2b2bb2,1wheel
c5e80c4ef3f4d3ac5fc33ece65d1490a,1wheel
ad107bae48e0b88014a0e3575fe1ba64,Fil
9ed0567b68501ee3c3fef6fbe3c81564,Fil
617ca8ebea3041b3ece4ecff51bc65dc,Fil
4579832cdd187467b99506de5ae6265c,FrissAnalytics
08de887364f9e7be1e193f973234e428,FrissAnalytics
cd33293e7217d5b19c1db5f84c1d4166,FrissAnalytics
974dc299c5bc79cc5fd7ee9fa1b0b366,FrissAnalytics
331b737a2ebf18afe55d2b7cc8c8bec3,FrissAnalytics
95ddf2f8cb242986736d31fc97061adf,FrissAnalytics
25dbd45ab57fbb610ba302335c1b5aef,FrissAnalytics
ca8d4f6e3ac9daf5b376419edc595508,FrissAnalytics
41cd5a7fbeb6f54cf991d1df795a8579,FrissAnalytics
ffbd3cb71848616957cd4c0f41738aec,FrissAnalytics
3cd2c36875962a286ba888c9e6757ad3,FrissAnalytics
b67b0ae329627709fc94c538be05aa93,FrissAnalytics
0257233f46d616a39bfdc6631395f555,FrissAnalytics
bbc0978e511c35abb3d020959f1112b3,Kallirroi
fb2227e275eff15127eec3ec6a80dae4,Kallirroi
976b2e854965eea17a7754517043b91f,Kcnarf
1814271a37d92ba82326db7ab6466723,Kcnarf
c7eeb12b82fbd0bd1e92f56593b73b07,MattDionis
88c05b96735a629884ec9190b998bd74,Mbrownshoes
5d1c42b4089bce06070cda2e74752a57,Mbrownshoes
38d5ed649be7b76e6a9bebb596fb5683,Pacsangon
29e2dcdc02b9396cf2e24a0fd91a7aa2,Restuta
d10a9114d7d3c91722d4a7e934084487,Restuta
7040e7a195a404152e9bf931b4cd148b,Saminu
c2c684ad63c790444cbf0f64bf6061ec,SpaceActuary
8de419c52a260522638158f1dcd2040d,ThomasG77
0db8035255a491c91da4dde169f9b01e,TheMapSmith
8ed902eb426213e19645a595f81a30b6,WardCunningham
9993905bb9f3a759ffacee123ecd69b5,Thanaporn-sk
e8651000a6fa9d2beaac2985d798d913,Thanaporn-sk
e02a3e3afe112362124f9cbbbcccdfed,Thanaporn-sk
9206b538cc93bc265f6c2b46cdcbe377,Thanaporn-sk
37eff81f82c05aa4fad4a20afe2acd17,Thanaporn-sk
99932863044ac7b93eaa5a569c6c210d,Thanaporn-sk
cb47c94d46bd9bacc1e5a7f06fa9b077,Thanaporn-sk
8f0b594af915820c910fe518a2379695,Thanaporn-sk
af0260e12459b082ce60a496617764bf,Thanaporn-sk
5e44aa29a97f47885b60d5a0264f7a94,Thanaporn-sk
c8c3691f1f4e3a996d185414f43304f7,Thanaporn-sk
f32a800b30a93ceab61d1cea366bcc5a,Thanaporn-sk
1e0298de3da23de6edead2152c806279,Thanaporn-sk
625f5da5476dcd345e1d8c60cbace9d6,Thanaporn-sk
231782783cbc30fefd309d23e5bf5ffe,Thanaporn-sk
f1124b6ec57d34f6290cb9763b948ece,Thanaporn-sk
185e243400c713394c39716913874851,Thanaporn-sk
e89e9db7e45f92bd79640add35c0f23a,Thanaporn-sk
f19a555194fe563805b160bc9bc49bf4,Thanaporn-sk
1886bf7a7443e19539d18804581f2fe8,Thanaporn-sk
6e07de08426fe8efc8eb3e1e3216e086,Thanaporn-sk
ca26d3dadf97d4238ddab68e36d52333,Thanaporn-sk
c17f4d9011319dab8ecda13d8221b17f,Thanaporn-sk
641fd2cb811a2dff4b527f7002205ec1,Thanaporn-sk
a3c85fe9b912bd2ae8a8330ea604f963,Thanaporn-sk
a2c79172316d55a475d94816ffe592bc,Thanaporn-sk
4fc3d576e70a8807980290ecb00e186d,Thanaporn-sk
6e49ce598df806f7fbe2e66b6669384f,Thanaporn-sk
43a071c46a3413e6bca76edd84e6e63e,aubergene
d47b224df790944ea9f7be9d1928f34d,neerajt
3b28dd0f843ea96fc427b1b869a40139,neerajt
af37d7565a7573e1ac6c079487ceea7b,neerajt
6f6dc394dfcf1429bcc6eadc183cafc7,neerajt
eea893a283ef29b5a56adcc66ed4c41b,nixsee
565066c9dc53b2363d4b03691e98ee06,nixsee
51c87427d100e28a9aabd70226d2852b,nixsee
bccc02aae60120b0d04c1d1d6fbca450,nixsee
032cb0c9d3bcc78d5d7f1a056b8a9f15,nixsee
e7aa914ebd2ba7b16701bcdb63036f19,nixsee
d27c89ce192f9f0372858d7f231333ac,nixsee
ae1604eaf098f06dfbc44dab8c4ee866,nixsee
1b403ac47b5f80e843c0149eb1552db0,nujabes
05203edb5382898dd3b2ffbe60894c18,nujabes
fbdc103bcd4185699a29bf9c7ddee5a1,nujabes
b4cef6af662bfd168c9a638b9f004439,nujabes
c7c63a0fcd83a4bcc87f3daf84310c7d,ojaneeo
2f9c28d93053cc7939b85b474d2c687a,ojaneeo
2a2ad9a6eed7f21c66b10f11155d9bac,riyazshaikh
5ff9bbbcd17623c59f85992751e6bea1,renecnielsen
7a1594c62c8dbf628cf7f573ea20c1f2,renecnielsen
cc82800771f14a97712832a7062b7d15,renecnielsen
9641a83216553bf859a8af46a6f7f3f1,bryik
001699690c06042121fdc2f553f451b9,cagrimmett
a5bb1f4c2f7076f6ca72e5e97052591f,cagrimmett
4a639fc79bbaa038849c865b99b1ddcc,cagrimmett
4645732836388b182cf66764e87d47ab,cagrimmett
00c3a47bca9ece0116fe60f298019774,cagrimmett
34489a4e373408b2a51485e75e6a77eb,cagrimmett
269030e0f65a6a3fc226dfdd16fb7363,clhenrick
57d3608636fa0515b5f1b84f606d939a,curran
962b97285f06503eebb7aba9e1341582,curran
2f0be90fa23275cbf3eb276e71d31b99,curran
2aafab81bb2029e1f4f24d258b790ce4,curran
8e9f173bb5fc840dfb362acd484bb610,curran
3b0ab871cffe021aa972680c3f4f62d3,curran
598e90fe0dcab73030dbecc38fb6e725,curran
7c55b8737473ed343b58fc0371993bab,davidgutierrez
eddfa09b67f8bc9e0a43068dda048f35,davidgutierrez
f76af3a47b93b6e1b2acacc378f48df2,dbetebenner
33c5b012f70cf4992da31143dbbc962c,dbetebenner
a921792d905be0889a7ded8c7af1c7d6,dbetebenner
fdec153106e964f9f71e69f2912454da,dbetebenner
a9748d40ac9d5dcf2f65809d921819be,dbetebenner
ad181211d2917d4748e4c2824fd7e982,dbetebenner
35c15572f0e296e67fae67626a9f0a9b,dbetebenner
7016dbb8d49f0e385bfd9161a82823f1,dbetebenner
b3598839060d96909c435ba027e1095b,dbetebenner
06a1e44890876660798ea8e31375e120,dbetebenner
3daf50809527dd8a5f2b8c2214f04884,dbetebenner
9dd181d0f2c43da94a1961fb18751b4a,dbetebenner
36bdacea6be36c227dd45d7a6912ed02,dbetebenner
3940ee4041021fdaeabf1c4984dcd9e9,dbetebenner
9b537c237b6ac96b107f259c98e62b81,dbetebenner
dc95803c61970d4282e620b83ff2964a,dbetebenner
77403b4fe2441f5e20e76cc652f3aa1b,dbetebenner
12ec7b09b1385bf171b282542d9072a7,dbetebenner
d3c628701651f9b6bbcc8ee829ac1ad6,dbetebenner
b9fd5200827c6057180aea837d1b6002,dbetebenner
c9597eb103257b4515f4d389d5e5aa6c,dbetebenner
6d161cb24695c8df503f9109045ea629,denjn5
3b74baf5edc4ac93d5e487136481c601,denjn5
f059c1f78f9c39d922b1c208815d18af,denjn5
e1cdbbe586ac31747b4a304f8f86efa5,denjn5
ea626be33c6ecc48dcbaa7ec63901ec0,easadler
e2f37a2ce5f3be45b09fbdd427f75ba7,ejfox
515709d16e932bbe08a81d4fba278963,endafarrell
78185d7b29948d105634beb7bcc0d34b,espinielli
cf662b91b58da57aecc8125649d84604,espinielli
9dd0343844cb6e20d239f44a1d21bea2,espinielli
78c9526009e1ec167560ef7b5237ed9e,espinielli
0c130de06ee3c01c0a63ba9ce06bc7bd,espinielli
9285de4dcd45ca2098561120461ea8cc,espinielli
1018c88657010f8ee93ea4224652e3cf,espinielli
55f74d4b8c289c4d307ae2e481aec181,espinielli
714007a69111fb3b609e3102f0618dc4,espinielli
78e0ce416e460299d77815d164418e8e,fotisz
f535191bb1716f098d4c834f9c588eb5,georules
b04d673fbfc665f2c98f382e2c79a9ad,git-ashish
1fd92b8c309a0fdc71b0a64c788a70e7,git-ashish
7f91676964ca80add0d3f8916e7abbc1,gka
36a86f67f364bde59108092f4bdf37d6,gmaclennan
b8dac73bb5653592a8913f22bd8655bd,jalapic
cd6394b507dcc4199c91963abd1e91f1,jalapic
aab0a7991697f512e78bdbcb99863840,jalapic
e7f9b827a0e5d417a9cdec1142802caa,jeffcatania
d9b8296881e74caf9278fc5a795c296c,jgujgu
b4424ebf2fb8c8fc9e30ce8a370f1c4b,jgujgu
db24a40179780ea482ab11d62effcd83,joebynoeAccenture
fb39ff1e5d73fdb85cc13935e3eb8f1d,john-guerra
7031ce041cb07a4053d56059a5d67005,john-guerra
8d61f09c30379fd32fd425dfc863fd76,jonyrock
066366ec01bdb44407c2f3cafe9194fb,jonyrock
033d294f3dd8896dbc5b7dce14035e92,kristw
6b96f6ae9b5fafb240efd8f83fdfd865,kristw
76a07ca0d23f616d29349f7dd7857ca5,1wheel
d320da40757cd841289dcfe49044d683,1wheel
a8f39c8a96b71735488bf280d34bd765,1wheel
d0f9c096930b8aa4c517bdc8ac7a7096,1wheel
c7e86b96a0f9c4cafa4218515ff163ef,1wheel
e14df34101e43464a14dc4b489acd876,1wheel
b264cec033942f9b534c5884f2c6d821,1wheel
5d6990abfff925e6a37e0557f1de18e5,1wheel
513e1c559c54a1408f3774093c27e882,DinoJay
ef4d1becc3d3748f97b4aed0f0f447e1,FrissAnalytics
e677e2b59df4f7ad85bf37ee3e183546,FrissAnalytics
b3cf4b8d0d06d52ff9a71149e1452068,FrissAnalytics
db0416fca70b12d818054a75fee17c22,Fil
f077c56a5f84336268dbfd79d6e364ec,Ljfernando
fd6cd36dca5666ab8e2f66b4f241ed4b,MTClass
3f370236308fb41d8d152b05320c971e,MTClass
c469a5e1246a142c56ee6f04890eeb6e,Pooky2011
7fd9d6ce60cb858f0590ceb20c10802d,Saminu
2f004899ea1b2bd78d6f1dbb2febf771,SpaceActuary
8402b7656927e74c350f7e38f9f98d31,abinofbrooklyn
1312f81e35ca1fb0aab17309fbfb9fee,adkdev
fe15a54ad3748c72e059475e3f43d462,adkdev
7d0497a39dd89b581bbe093d34c50680,Thanaporn-sk
ef6e8e6dc6c7f51de6a0d098a1f0b1bc,Thanaporn-sk
c7f74cb5051a0cdf6cf077a9db332dfb,Thanaporn-sk
276bc8c0d9f27da87fc1131364498cbf,Thanaporn-sk
43be56a28d7c26efc701ad7772ec103c,Thanaporn-sk
68643a6f0e6766de74b9683a9f43925f,Thanaporn-sk
328490e719c700ca293572c926329137,Thanaporn-sk
4ce2f1fe65ab44b686618a5f0915a307,Thanaporn-sk
906acc728b56f135f5f66228ee5ceb51,Thanaporn-sk
eab588d5d258ffd776f75cbbbecc17e6,ale0xb
2b5c457cc6679aeb1dd5511b109b3ca8,amtur8
082ea5d8f2943bc665a075bbfaac79a7,armandogilc
71e8b9371c2424d0b2f3806547d933ae,beauvankirk
7d31a7cfd26272e8430f9a63f4d476f4,billdwhite
fc967bb04ba073419b702e9f43dda036,billdwhite
501c17003bf7f4495d8f71b675df8069,brunob
e19581e8c2f37f861a9555616b52194a,brunob
333eee2573600530f44fecd62c13c454,bryik
daed647bcc81cf86e919f194703beadd,bryik
a3d0d7a0d9d69e6afe0fd8b8b3becec1,bryik
21ff1c32f3f3fa0c0e55116cfd73d6d4,camille86
f6d0b25123b7d94198a3355f66d2cb3e,christianbriggs
c3583af8460692f7e27d6acd540902a4,christianbriggs
29ee29f234e3c86ac46edbd3862175b4,colombod
750d0da60858f8d9de6a08791512bd28,d-hong237
5cb71249dcbfd635c794520aff45b89d,curran
ecb09f2605c7fbbadf0eeb75da5f0a6b,curran
966ac9f212a8ceb1ea153fd1ee9f72c4,curran
30e50fe82819ef73c6b8d9f2d31b99a8,curran
cd1da26cf42aea4429cf5e0d2406134f,curran
2f01f668410da7b0ea657b67cd461209,curran
f4ca72a38bcbb5893d37ce48ed9d4796,curran
8c7538843c9ebd1330c347d332dc7f76,curran
42ecc75c88515b382bacda3a525b20b6,curran
0c4f9928356e3bd2d358dbf47200e7d1,curran
ffcf1dac1f301cf7ec7559fa729b647f,curran
298c130e67b40ed84f8c919e748d2e72,curran
1b162368fd3b5a3c623b038c4cd64d37,curran
fca58d54f94230a03a348891e866184c,curran
929c0cb58d5ec8dc1dceb7af20a33320,curran
05bd927371a3ccf8bf6039bf1b30e448,curran
bbff827df486e4c16488fc8bb9653917,curran
b32cecdb33c909e53b4177cb97bafbe6,curran
c607964c845ccd4956bf5cc48d968583,davo
f20fae03f0ca8a113cf29fedc05a7453,denjn5
286320fe6ab655a558e97fcdcb6935fc,devgru
f02531d86e3d8028d5216f9c72d40e1d,donpinkus
8e4d753121b9e8b14ac4adef4632912a,eSlivinski
fdaf7efa230a83ec427966bc3ce31f26,eSlivinski
46bfe168a4f247ff08722cad714aefd8,eSlivinski
84c51cc43bc217304cc38a126ac42a33,eSlivinski
7b63401950344f2dca1025d09cc7386d,eesur
ecdaf255a05402eb74c46d13145601a1,eesur
765098d96d743269606eca638280fdd2,eesur
0fc8f496a9858fbcc084defe32ff59a9,eesur
fa54ecebcb9106937a959c3c6242dc07,eesur
32a5673e9229f17063165d3d1b71dd45,enjalot
fb23f38f6a1b64aabaa311ab6322f4ca,git-ashish
d0034ab08c70eb85902c570ebf596036,is64377
da8392849bf296cfc8f3553a6318dc5f,jadiehm
89d0e8aac1d2a8379dee7b8c17891e82,jalague
c36a5427c1f79cbf9dbcdad8146d943e,jfsiii
53d39b0b6623c313213f66982853faae,john-guerra
3091f23b27d8271facdb0c36e7816366,john-guerra
4859fb657eaeec816b8a6f0eff1a4e43,karthiir
1de8edcf347762d5d232cbbc33792e2e,karthiir
3fdeb78b24c16a4b064748472c121359,karthiir
7c8cbbb4c28b47f73b1283b1f67fc899,karthiir
863280fd302cc4c5e7a7660e14809a95,karthiir
4fe7313dc2fa594773f2131caffe6564,kmbenitez
7d603d0fa038baf21d72fc0e9771b285,kmbenitez
ef98e20ecfebd402af0d99d67416840a,lavaliere
a8903623844447aa7adb4010e06be4b7,lavaliere
642a3d5335efa0e6217aa1cbd52f88b1,lluc
b104bc67218742216730ff7a0a10fa51,linnnes
90625bba9fc81476faa48930e3e971dc,linnnes
7593c08e4d61d18908c8a46d73e4b79c,linnnes
ec2f554d654be39bce9e0c5068fa58bc,linnnes
bb54f498262db5589a1d32ae58fedbce,linnnes
89fbb39a991cd246be95932b225247f4,linnnes
ba724af7075720a2c01eca4b6902552e,lwthatcher
f68977144f8934378273f03b5a5c6dc2,lwthatcher
4ac986a3cf0d6d062b7557a72719ff56,lwthatcher
fbf069fc0dc8525935b26197b74c081e,lwthatcher
66349af9c4dca8176378f7bf0d76d9ab,lwthatcher
cc48b3d685fb16b0a89ae9a2dda1a464,lwthatcher
62a99593fa2cb34c178ba67c76c32c1c,lwthatcher
a92dbd610e09afd1a723c9e5ac56d738,lwthatcher
f03996c7a5efcde54b9bb6928a4ed901,lwthatcher
0414d5891a2ff084d48c1619e9a26d1c,lwthatcher
fd7d4fd6728060c304f74a68259af72c,madams1
a44603d4278e134a26319a8d412dc599,lorenzopub
344529cf561adc43a58bcd9b63250d57,lorenzopub
718adad58ca4f560cf2215933f94d78c,lorenzopub
d02da7675fea766624010e577b43c139,lorenzopub
9963de31d61f3219a8fcd3fec6c72695,lorenzopub
23e3d41d25aac236282708bfc5d20e7c,lorenzopub
5bb13a6ee8ffecc27b89072ede2f7b62,lorenzopub
4d6e0b0598680c6d434a9bb0f5e71c45,lorenzopub
af1bc8b10e82f4ec8bff27673ef21a13,lorenzopub
c56a702d0f24a688deb891daf846b107,lorenzopub
c109902f35a7ee05e5ae84efad30c690,lorenzopub
93256013a8d4a5fba2c71e8057a01872,lorenzopub
9e283a353d504f2264013c4847140af2,lorenzopub
6b8f23f0798c116e19f5fb7eb8dee302,lorenzopub
df5d8939fc40c4c526eeca1d20904d28,lorenzopub
0996ff3f8f1c106df682c007621e3801,lorenzopub
526f5145c24c0a1c9f0b237102b23cd1,lorenzopub
edb3d59d8a1a5d5524a6a3efb98fb27d,lorenzopub
1bd9a50bd1464a0c5944fb2a56cd2e1c,lorenzopub
9ce8ab464e826086a62b785bb296dd17,lorenzopub
d64b33c6306890726e82415307459791,mathewjshaw
7aa19cbcf681bd6ea7f1ac3a67fde443,mathewjshaw
e59b5542b628fab4c356223b3505f0c0,mcgovey
145ef67aa04a6713bc1d026eed46c59e,melalj
e5ec031eb5b7f33f1f0732c5958aae97,meli-lewis
ca9a0bb7ba204d12974bca90acc507c0,mbostock
aba1a8d1a484f5c5f294eebd353842da,mbostock
2b85250396c17a79155302f91ec21224,mbostock
34a4e0330eb374b4e24e19cfe58a8669,mbostock
1e10b76becaa4ea4471262bcae619dae,mbostock
7ea1dde508cec6d2d95306f92642bc42,mbostock
885fffe88d72b2a25c090e0bbbef382f,mbostock
876d8cfa60670254c938d75a984d4f71,micahstubbs
8a3779fc211b45ef9744100d1307f0fa,micahstubbs
2a83e4d6cbd0536bdce126b82134a035,micahstubbs
18e22208f11ba6aae2c612e3b38610d7,micahstubbs
ffe5976fc2648499927863b4acc94358,micahstubbs
e97e688f33d41f247700376c95b62cce,micahstubbs
539750964863d38c7c5b898b97ebb0e2,micahstubbs
85ef1fc1a65bcdffc7d29587698d6d28,micahstubbs
d142f8c9a2bd8728fbf686703c642505,micahstubbs
ae0946f9efe18fc4f67460e7387abc0b,micahstubbs
19cb1ce31cbb509c7330185d483a2f11,micahstubbs
4de7f2d492518a4a2ae0e2c65bde8e74,micahstubbs
e110f1db857b1da87595515cacd103dc,micahstubbs
030ba96b8e1e2bb89982f86ce8376c5b,micahstubbs
0d7ac58c57c9cd663de5ae136e8bc405,micahstubbs
d2ddf168b76408d6fa64e2767b6b6460,micahstubbs
ad6b34720d2a39f7a73335940d7f1605,micahstubbs
b097f9d0999848ee70b74b36ce30cbb8,micahstubbs
9180020ff8265eade016a82ba54db26b,micahstubbs
8e94f74c7d0a5dec710330574781fda0,micahstubbs
0e2b63921f5642f0f65f51e27cccd02f,micahstubbs
04df008db0b12474a726a7986d73ad14,micahstubbs
23a43e0236d235fe52855dc6aecd74a0,micahstubbs
2bcc47b549613454f6441881fdc48b43,micahstubbs
f32a742947f259d12eb999d418a767fb,micahstubbs
3f439df92579c5bb2902fab15742ba87,micahstubbs
bb8a7dd10eb6b2a05db14a52ff228bdf,micahstubbs
d2362886844cff427e797ff992cc23ec,micahstubbs
e5d0c64e487a8920e6b775f1244f8486,micahstubbs
a9eb7847c56c4c844d36cfbc5075be73,micahstubbs
76d8a78648be617fe7aef649c312b580,micahstubbs
7a2cd2e02367c7ac2643cd2198706e50,micahstubbs
66db7c01723983ff028584b6f304a54a,micahstubbs
6eab2af6785d9e01589f714131640f40,micahstubbs
01d888adcefb92b8842e50bde9f95316,micahstubbs
02f882c439e931c50e26be8dc403a775,micahstubbs
501e578009b75738910e47b86b493168,micahstubbs
179bacf6b1643be54626783b14dfcd58,micahstubbs
c71d79c0ee2a1f73827c32f3a2972181,micahstubbs
4fdc7025a6edc6f35f0423c18e78aa05,micahstubbs
94e06c2849b6c7c60105d0243bc1936a,micahstubbs
201876c23dfe243f6e9a9c0be681367e,micahstubbs
fb5346521aaacb90f2c4ceabf9a4ff7e,micahstubbs
07521dbc1dda49f7056c92deb38afcf8,micahstubbs
18c35359140b6b4dc000ee8039293140,micahstubbs
72fc3cdeeb4c9b969f0f240e88aaaaa9,micahstubbs
fa129089b7989975e96b166077f74de4,micahstubbs
2d9ac2340dd81e676be9aca6e2e93a4a,micahstubbs
bf90fda6717e243832edad6ed9f82814,micahstubbs
3c0cb0c0de021e0d9653032784c035e9,micahstubbs
9789f4e3b84ac0fd71a916794a39cd3d,micahstubbs
bef97f728381aca3f803a585581e7dbd,micahstubbs
1408d5353c97e4e1275f15dc85e1de98,micahstubbs
378c73b53ce447bc325e3007829b9a01,micahstubbs
308bb284b1e803554fb4696b1392e6e0,micahstubbs
d1854e278cad0f9b4deef0815320d55f,micahstubbs
33110e6c3cddb57f4c7f5a45a98e15f7,micahstubbs
264454a671a6785cbc652cd79460fd2f,micahstubbs
2af44fe03184fe3864d63262d94a2bd9,micahstubbs
9f3d0c3538ab2b0c1b6878de7207bfac,micahstubbs
6c308a5d9f752bf4702fc1ea65ad27ef,micahstubbs
1ef69af2f953bdba0995e6b932217b2f,micahstubbs
1651db901384b386681efd06d2a2343c,micahstubbs
8b86aabbae0c849d9e12f39d7df10eae,micahstubbs
a98418db846e7e5560f8b7c8b8224564,micahstubbs
3546fa9b5c653cf6c3fb381ea78625aa,micahstubbs
3547953908ac00cdedcfe35954b537c0,micahstubbs
36e3cd39edc43330f2f999372ac7f8ad,micahstubbs
83a09a63c7ca60f6a24157c527ff89da,micahstubbs
3757fe53ea94da4100db2e5071ea8289,micahstubbs
ae0336da6f425101d72cec7c7b2606aa,mootari
b74e65dc3a343e2ac113781621875792,monkeycycle
5ad198a24d29d7d7017eb47907645f74,monkeycycle
2f168de8372d5fbfd211645a5f6027de,mpbastos
f61796498a5a0b777178071cbc713555,msd05
4ed32d1a87f4bf65257822ba872f78ad,mvanegas10
fd4a5d93206182a04d22572346cce4b0,nigelramdial
f589c126a2286aae70e54e8d0a7d191e,parayiv
8eea3dd780efa095206e2d72ed2851b1,peterqliu
7288e5271469a45db34b9cc0fea64164,philgyford
c16f7f8e876530207fa0523252c2abca,pram
2379ce49fe993f084fcb004e60c73f12,pram
f4d9eeef759b72ae35c14883f53f175d,pram
73b265046726b186ec87783145b86da1,qaisarmehmood
4207d1b04b274716730db8943eafc69e,qaisarmehmood
b4a505a4e83c32b849871e6197d5f8c1,renecnielsen
29b1b37d2eb380c6fa046c1c6e2dee05,renecnielsen
386b7a28977a179717a460f9a541af2a,rpgove
d40e8b02a5f9edb50d31c37c4c03a79a,rpgove
bf44631829eaa6512518005697649cb4,rpgove
23460611fbe6cc577c20b0115e27f3eb,rpgove
53bb49d6ed762139f33bdaea1f3a9e1c,rpgove
1eb246918cd9d80fd84708fef0432128,rpgove
66c8564e8165496d7ef516eae882895c,rschuman
ef57ff3ed7428e5a09dc3aadf196dd5e,ruchowdh
f0c3ec8f98d88775e93e1e76907959b5,rustyrobison
acd5cfc354c12360f31b5425683ddd7f,sannehombroek
1ebc652b09860879f071fc677aa18d77,satzz
642d5e51f37e51a1b435bf296c881277,seemantk
d9e48a5efb472e25ef7109472a7de6f7,serra
09305b2b907ad5738f3ccdea97992b3e,sgcc
251f79f68a502c1607c1a1ee3cae0f6f,sgcc
2e58e83685f6d854aa40c7bc546aeb24,sjengle
e0706ddf6a6c9fa99cdf15b6742bc781,stain-win
a69f20bab2ab7d4f3e08930504382bfb,stayce
2da60f7a3bf44e10a35d99034172688c,steveharoz
28a33114d81a3fac9c6e497811661768,steveharoz
f5056d163785534b14e6dd8cd930b8df,steveharoz
dba04b04ae949760f96f97a2fba23ba6,tafsiri
67ae8d1faa58567945cd5bbca8cc08eb,tophtucker
eb65287eef54bb3edd81447b7061bb9f,tophtucker
ae66e8f3f871fc35aed7dfad2db99782,tophtucker
01c65df41d3776429f55b7132f9446cd,tophtucker
2bbd4cedf597eae6a5e90412d9df1c1f,timelyportfolio
65884de225c20d4db6a9539d2771427b,timelyportfolio
7bcbe008232121075c2a5cb878ba077e,tomshanley
229b9c76f8a8009022b597108051e706,tomshanley
79eaae89b930f73ddccf0fc274b44a2b,trebor
8a3da49709709a90864f77f43f7595be,troygreen
2da88fb89cc75d18b20d8a7776fd6860,vasturiano
7c5f24ef7d4237f7eb33f17e59a6976e,vasturiano
27fbd16d7e9131fbc8e8e93113f9896c,vasturiano
2992bcb530bc2d64519c5b25201492fd,vasturiano
ea5f3488bf649fa3a5567dbaef7bfe17,vasturiano
0a05e58d5122cde888793c374d587aac,vasturiano
94107e18d438942f92b217809eb3e7ba,vasturiano
34e0ac2ad391e33ad5dde43ec7ce3d40,vasturiano
972ca4f3e8e074dacf14d7071aad8ef9,vasturiano
f59675656258d3f490e9faa40828c0e7,vasturiano
54dd054d22be863da5afe2db02e033e2,vasturiano
29550a65f206d513264e95c8ce2884ab,vasturiano
351c45c55db3f997b8d8ca30447ac0a3,vasturiano
02affe306ce445e423f992faeea13521,vasturiano
2e655fdd1f378cb2002435fe33d7d6ec,vasturiano
db5e9e9cfe77d8c468136dc781ba0cc8,vasturiano
0c0f60cf193fa3a04b5d414aed6f5834,vasturiano
e70e14483fe01eb0a3ea7d1d46a30571,vasturiano
bc4569c5822a21a02c33448ed60bdfd7,veltman
7ae69fcf60b75ad1cc416bd579f52deb,veltman
90c3fe742e1cc1f9d4b8e5d5e64eba05,veltman
a85019d4131ad549434a28a5eece252c,veltman
023ce982f70b93f0cff9a80f0efa666f,veltman
14006cc042f5dff5a6e1ddf041afbae6,veltman
0f7ed47d7839ba0afa8d23414aeb8933,veltman
4d53741c724ad9261fe238045acd98c1,veltman
bd8d6a2f57dd8729da3437492fb9debd,veltman
4a5c96fc5017f89b3646b7b5bd20a1f8,veltman
33dbad5aa12d92b977fd29128eb5358e,veltman
938ea2d0ef98c02633bec15d6fb3a177,veltman
1298cabd1ffd10c9c15d99a8395c6957,veltman
73f1ffbd388f0fad1e559b47a8a4a9ba,veltman
995d3a677418100ac43877f3ed1cc728,veltman
a1a962f1e56f2f7eb7f82020a9cffbad,veltman
ba02d50f028fe5049cf4763315d25f69,veltman
2f7cea54978d3c73e03988134adc72a3,veltman
e7778d9ce18d66c04cbbede51c32957d,veltman
a39171b89e59b005c47df8d4bccc063f,veltman
82d40e866ed9612bf30540480860e6fc,veltman
e8f864c45137b493387a4ebc46ff7da5,veltman
838d79704281f45822d6320c8c2a4fd0,veltman
b2358aaa4716d6fe103f1f8456241ec2,veltman
985bdca56d122f9525e0abab2ca29c34,veltman
72108247a8f8304ce0ccd7a50f49a9ca,veltman
f26eeceed3ab15787daf9f5ea4ba1468,veltman
28032482374490d8e73e03f9bcfd2a19,veltman
04dc09a2fd164da21f34c5301538cb0e,veltman
14b65b88156d4f5772c285ee7d78403b,veltman
218a162265c772f86bc26c1bc91fe58b,veltman
57fbb830ba7e62caa46a82891168bc29,veltman
123e4d39adf08aad001350cc5078242d,uredkar
8953efa7ac5d3af96be628c7106e3e9c,uredkar
d75090d578640b1d2423916014ca37fd,uredkar
d018626e817c9ce044feb273f7588e90,uredkar
b2e5af16319770c70a34cfe3bb7fac89,uredkar
0415aa443992f71288e86137208fa690,vlandham
af509ae70a7560b5a72cd3e3da4ff8cf,vlandham
0223315b7a1896e5a22c89f283d1b0fc,vlandham
a925897220c4b1154b091aba6fcf842c,vlandham
48f3abf115332ac4e67f0f86ee9fe61d,vlandham
315500b61d28eb0bba8959ca66a68e37,vlandham
adc721dde94802802810000f481ed744,vlandham
85d5c38a0d574d2555e94821032ed232,w8r
e5ffdc3dfae580f2710d8413295f9924,w8r
6f657322b9d92814a1641d37dccc6afc,w8r
a7d20c339f7b76dc3c3cc0bba65be4fb,w8r
6d9512a0e0bfc2c5a3d310f43b35a48f,w8r
50e38a195718d4c58dedace17afa5a96,wcjohnson11
02403f817106672c79401bcdf23caabe,wcjohnson11
8099e2ae387e54d02613610fc68bcaa0,wcjohnson11
7cf70dcc3559f86e076c589c4bece0fb,wcjohnson11
40c971ef2a46b6b2036c5664242b2e89,wboykinm
311e8cd5859d1d7b6013b5ea9b4c7bc5,wqm9425
5c84f6bf26acebad53977fe41643b01c,wqm9425
c6e8cc97ece1355d113c323befd1acc4,wqm9425
c63a721458fab4cb57c495f40d94d2f2,yousra25
35689eb00919654b28662aeb03b5de07,yousra25
1b3acfe2be3436243d9e72ede60db3e0,bclinkinbeard
4e82e66e72afffddca78,emilbayes
6b3eb08318df8d58d5c21dcccf3063f4,micahstubbs
f4dcb0f587e54ea80a67b3efa773b995,micahstubbs
5135994b936e7294911fa28520f015c1,micahstubbs
92e13b8456c072bd04332a62064269a0,micahstubbs
afe2b4dd68e6938d34073ab4c397e621,micahstubbs
b52cc51f3587ed0d314696189a41638d,micahstubbs
5ea74175fa23348ce19ec141aae2d220,micahstubbs
390bda2fb552e493a88a7eb9a782ddd8,n1n9-jp
4f8c5efd817e515b543e977bbb4ab345,philgyford
a8201011817a35be6f4a713909dd9b3c,sajudson
b78f2eced246659df0f2ccd5796870a5,sajudson
f2f9589f2facd30f02c8791f1d5a7f22,tonmcg
570fb0409b6c59768229d5631bc3d77e,tonmcg
ce18249c16ca6fa925acc73c73b60294,tophtucker
03569a6bffa0fe5cc6e8710ca18de1d9,vasturiano
ff864215009174bc5d164ec3533125c2,veltman
f102967738c9c90906d77c7fff20399a,veltman
1bac72c0622654bdff17a05fe78b9677,yonester
edb19f67a301bdd8f28abc70db7e869f,1wheel
9c90f55041220c600162b85f84e807c5,1wheel
0dc78d5d34dbc2bd1eb2b25daa672f17,1wheel
2685ea7358280b9f64730ff8681ddc89,1wheel
92d8c55e7abff93eaf2236b058440eef,1wheel
4b9d34d74bd64a63d34028f160a71d7b,1wheel
2ebf328d9dcb19b430aef51787d561df,EE2dev
cb2c8a8e3eba9f860bc3ed51ae6580e5,Fil
d2591739eeb2079bac599b4658cfa950,Fil
cb787b39e229f0016728ba51e018b5e7,Fil
b009a4c92530e742cc13af4fd64afe46,Fil
8e11384213b3dd54061fc4fc5add48aa,HarryStevens
931897a43e67e598e2cd5198a789eca3,LuisSevillano
c09ff1c9ba797b29db59883d410d1c87,LuisSevillano
509951e9a188305f73a4e2808094773f,Thanaporn-sk
7c5142605fe111ec1b9d331af0d8c6e4,Thanaporn-sk
282c8e050fd7695fdcf14bda6d352c26,clhenrick
a6262509feac8aa0c0051b149c42e598,curran
718fe1e7aa33251bde88a144d1cf7c06,curran
fe735c750f55491c1ea80f022ba7d7cd,curran
74005576875677d78d73687e46fae030,curran
90240a6d88bdb1411467b21ea0769029,curran
ba21316eafc6b84b22d1a5d49ad2a798,curran
3f2ff2e32652397de94d406460e240ce,curran
e1dfcba5740c8a847fab03bfef166bea,curran
e842c1b64974666c60fc3e437f8c8cf9,curran
167495acd7fcca38f697b683436cf6a2,curran
372137cb593503f2f40a7aecc0f1cd4e,curran
d867264d468b323c2e76886d44e7e8f9,curran
76d8a075dee5420c01e35742f8598332,curran
475f5fde42a5513ab7eba3f53033ea9e,espinielli
45869906ebcaf38c2776c0ee83dfee40,espinielli
cc00d2a0a3b09cba43850ca8012a5328,gka
38d7a625f0fc33d6bb561547dec23f29,jeremycflin
bbd1a5de6b77e6001680235dc8c2b967,jeremycflin
a1f15ccd5e01d58ea954bbab23b603af,lorenzopub
1dc2c31a0cac3f9497074e3ef7b57321,lorenzopub
0a673f7fcb6f2864c96d7b6bc075ad19,lorenzopub
abb96d3945c68a71fcc4d4d8152db2fc,lorenzopub
cd98bf52e9067e26945edd95e8cf6ef9,mbostock
542b063a12524a2f17d1005c1d4beb6e,AlainRo
9264cd08e341f2c92f020c39642c34d1,AlainRo
ff9b79e0ecef7222c7150e575c4d85e2,BTKY
cc89fb129fb586475e57febc0fd693bb,BTKY
6c282b65246f8f46bb55aadc322db709,BTKY
b24883060c2573b6a2eeef37aa05cd27,BastiTee
8faccc90ed25c6871e9b3aaefb574e01,BastiTee
365d5a32414124cf2616af5cd7d5728a,BastiTee
49eed2d7c2289b2a0af27c74bac98e91,BastiTee
77c00228ea8280422b63db7c3fdcbae5,BastiTee
9dcfcf57f36c921c41384bb00ad787a9,BastiTee
23e05990a761b4d616ae42d0ed036307,BastiTee
688c5b7b99f5a9b60d74c912278f4129,BastiTee
84675415bfbcaebbf5397e645a26b706,BastiTee
270930c82725bca926454b89b3d697e4,BastiTee
9a7abb71cf82286674cdae565bb34c16,BruceHenry
be7b3f16cb4cfe8b67b2dbe66acf2719,Cthulahoop
3271cc36a62606eb4a46e777a917ceb1,Cthulahoop
f95bc8bbf84336a35ecb35a7ab95a7ce,Cthulahoop
73e2b4fa8cb5e42815935a4bc617a609,Cthulahoop
7dc4a5be7caaf3d8d8044680a7347447,FabricioRHS
6fa14a8facc58ab770ca021f3c43da27,FanYang715
af4b7239137efbdbb5576b8dbbd5aad6,FanYang715
29533db1bee0f268921550e247cf81dc,FanYang715
1575defc5aefc5985210e25131468126,FanYang715
1686d205f7c095fd85fe3dd76f572386,FanYang715
c46409e93c70624414b94eff08f52597,Flokey82
8a1040ee16868048769cc2f0bad8f767,Hugoberry
1810b3f2fe6bf09a6896c8610a3983da,Lichtphyz
559dad1ad39212656b874805a52efd3b,Lichtphyz
2952af6b579ec4fee5ecbe6f827d0a41,Lichtphyz
605c321a7714be62d15e76ff98cd3791,Lichtphyz
58e1057b7174fd1717993e3f5913d1a7,NGuernse
206c13ac0495a546e89ec6ba5c7bf221,NGuernse
d166177625d0cb0f6e3ebfaf2008725c,NGuernse
4c75a051154cbe08bf80cddefefae22a,NGuernse
e203d6d4126377aadc733f3947b87421,NGuernse
f36b4cc1b9d6860560df9245ab3c2b2b,NGuernse
0d85a4541f1ac7f7f688ca0290f640cb,Noelfish6
0fb5fcb6272398267c591cfe2746c5e9,Noelfish6
9a723d08e7249a11d94da9572476f41e,Noelfish6
3a2056c51bebd58d5b275f96f5a90754,Noelfish6
b460816c59bf667b37223e8bcad40ae0,Muramasah
21fedbdffbd246d4253f07d1e05d6eb6,RainismZ
3c1d62959096079e2916c00de3cef660,RainismZ
675643a84072bc6219045428918d4734,RobertDelgado
a3df47db9349d49df1d1aa9e30fcc94c,YouthBread
6b406e4d96f23ce64c1f7cb745b0722a,YouthBread
c424fcd80e75f31671c4ef7be4e26cd5,YouthBread
71c6396d74cf5dc9147182a36697500e,aiiins
e399668d292ace1b1a249ef6c017b3cb,akollegger
1f3af6fcf64f1ce30504e81e0a0309d3,akollegger
f7fc55f6733cff158e97794002252c59,akollegger
54c4be03e148c625217df1984e1c3908,akollegger
3325858a41e0c2b1e510424bc197a1bc,akollegger
5737df90fdcfd54712b658dd3ce07530,andrewdblevins
6a5078b35fcff8ffd265a0c324464ec1,anqi-lu
5c793fb952dd9f9204abe6ebbd657461,anqi-lu
01dfba5176131dffa961b923047c9fd2,anqi-lu
99134b5263dc4315fff44e2c68b8eafd,anqi-lu
fc7b249b6a5ba80ffbd599657f150ab2,anqi-lu
bc73bc205ec19921c89fb2ce76ba703b,anqi-lu
4d6ffd7c82fbf8225f0979d9b6032f55,apratt2003
6f34687555e6cc77dddcf019541b50ed,apratt2003
4d1c33d142e5126d9b03315b0cdf83c5,apratt2003
cea8be28fc370fe56343743a38e66b3b,apratt2003
9075ca4307639f1cd899ceed4fc4f881,apratt2003
88a58cd854528224763dc3b0c2aee38b,apratt2003
b195d64b5eded5fd02699ddc44b2a9c9,apratt2003
eb08294c8c91c3735391a57a11fe7ddf,apratt2003
96da043398ab01a3e4e6404f84152aae,ayala-usma
e72853f9d1514d16cc04893c9f5036f1,bimannie
c538ea8d9eecfcd46fe5df4d6953100b,bimannie
f6f69f36198581f6daf037c4760a17fc,bimannie
5531d7eae831592cc71cc23f9819c701,bimannie
cf443db3222b747d3155f8797abc0593,bimannie
b97151ca918b15e091f952df0fa9403f,bonez0607
e7991ac690d09d1c68b5e26b9d3a0a76,bpartopour
ea49cf8705e803afec687be91cd9af71,bpartopour
721b8fa3e104ba97f32219c30941ca8c,brett-miller
e55bee1bfc61af34186eae6856573d04,brett-miller
5aaa164376c89f4e2023ca2e6594af7c,bvsbharat
d1cdc0e76158a3b1d804f9fbf4006f05,bvsbharat
7091175a8c70c6296dd1323e8bc76963,bvsbharat
c55b206a49857e9654f47c83f81c20a0,cheevahagadog
421a87be91e5aee857416de7b29b0e1d,connieGao0819
62ee4ae2cd4eb2d6ad9fb84cda48e6ac,dbravin
5e7b537410c18fb3c0a6c574ed395080,dbeach24
4fb4f0f9c0c4802a2a87a12086f1d90a,dbeach24
a321ca3d26bb7f0b98ca3738998a69ad,dennisjunior111
5383e9a6764165b41335f253ae96f884,dennisjunior111
5641ece4cccbf70cc9e9c25db13d597b,dennisjunior111
ece5835ad232e9a894b5ad9205cc0a4f,denisemauldin
da1d3876a111dadb4f7d95949f8aa65b,denisemauldin
cdd667cbaf7b45d600a634c8ae32fae5,denisemauldin
146c2ac1fbb8368b88224e81aab0dd25,djamshed
c9b8e4787dc91c28353b49125abde357,djamshed
f71b03849465f9fe4575408c2017fed1,emilyw15
45065c7ce1e352378455549c74809d5a,geoffreyammons
c429ac10d6961e8a353055ca919e9d05,heillygalvez
838704c494dcdc61fd0310fa1c3e10b0,heillygalvez
f09d88cc9c857d8a02317628402768f1,heillygalvez
523100985a8c12248a8e3e595ff8a069,heillygalvez
97234f7b283e8138a5a5e631be8edc59,heillygalvez
ff96b2242d0d10d75d2fe049a69d18ed,jlyu26
361baa73ad989048be54f9114f2f13c8,jmcmurry
a266ff0ef57984e2403bb1e6eede56c5,jmcmurry
8465296a1884249b3874242a472d0888,jmcmurry
e8f9dadc5757426076d54bc32bf0994a,jpasini
0a74c644d4f7d776b1768f0bc132f5e6,jpasini
26bccc1a3b6dcb1fcd26f8e0250e4573,jpowell127
b5c4193dd9426ae3c1371f8b0061d287,localpcguy
45c2dfe478f31e6a03593158c47425db,loveice622
d490bf593e1fe824a9772dd74a7a4c46,martinjc
000b1089b2c3fa92723a5ea32c5da9f1,martinjc
2316749b029c043805e4a61f3b917234,martinjc
f621fbc6a5b795bf01f4c0be0bee5093,martinjc
f2241a09bd18caad10fc7249ca5d7816,martinjc
af943be09a748aa747ba3a622b7ff132,martinjc
e46f38d44a049a61ab1c2d97a2413439,martinjc
eda9c30ef9286b5f839efb5c90b85f30,martinjc
7d8f64fbc586861a3c1d533c006f6099,martinjc
e4c013dab1fabb2e02e2ee3bc6e1b49d,martinjc
7aa53c7bf3e411238ac8aef280bd6581,martinjc
871febe9277e731479384e39f84f1cf8,martinjc
5e73d17699573ccd7c2d4468d61dce17,martinjc
396926c15afa2ab0127322a01d97b5f4,martinjc
8a2a545d5c48ef1ff65b747554332e3d,martinjc
7fa5deb1782da2fc6da15c3fad02c88b,martinjc
634a9abcf711d4fdf6b47e8e8f4d1453,martinjc
a374e1e6878b9bf530dee3768fc235ba,martinjc
39f4c5da66a7a65ee34f7a5f44c47774,martinjc
deaa106d7d313fa0140aecff7a0ce261,martinjc
ea58e13d5808523c19f3cca37dea6d15,martinjc
df7c6bea54b4d145edb93ae3e9935410,martinjc
3bb1b5a814a807c11afdfc008404e2bc,olithissen
46edc202a2186dfabf73c0f5048c38d4,otevet
1e2ee1b0337ffa8ad542039a824819f8,otevet
7f8cb176544d7c58421c2d375930a45f,otevet
41bce4ef5b2a95c474ee09ba6c4261e5,otevet
2f1abce34160c045ce19cc67eb38c453,otevet
db2277efb9352d566150c0615f3e6f07,philjones
3b9459337df16bb369003d4ecb4eccf3,pmia2
028815204d5e30fd221355a8e3b46c1e,pmia2
6bdd864e713276ba054a1302fc35c3f7,pmia2
aacdf213b2fc77953617b4660e03c757,pmia2
a3ffecb1583c001785c9154ba8d63bca,ricardofelippe
51c9f641deb565ad20237faf15dd1a7a,ricardofelippe
76e76ffe6e8314cf54b185c43350b2d4,roburidge
a0713fb9826aea45f15b207dfec9bcb4,sajudson
5098cc2b7ce04df27dcd5c384f5b791e,sebg
df46585aa7511a19c1e6d66af969c0df,senthilthyagarajan
5e2b782fa00fa01c65b5d22cc807658f,senthilthyagarajan
dd4ae4690c32d62280f60335eded6bbf,seschultz
f824021986c7bc87cab0e919eb708394,seschultz
5d2e021bbea24783c1fa3f4ba01de358,seschultz
bfc661ad75e9941f130be22e207acecc,seschultz
4797e28abad2e05f131a73030f9eefa7,seschultz
bc56271cf08f819609c8f0474f23d4ae,seschultz
732636e1e5efd243c7f54d832e634995,seschultz
c9ac64acb2f6b3b80f0c10e39a3d8c38,seschultz
686295f4cae0e8f8cd1c137567a48d36,stefan505
84a9c9350b9dca4eb8bd8fc7e757e677,stefan505
f6e9f11026db6a8fb4cd6c2cd3035ffc,tforsberg
887f67b2e990d40c6d4f3c88639e2e17,thulse
af61d4ed6c76fa8b49132f57344f8d8f,thulse
7986efd64362a1e4977652f2d400859e,thulse
b92c035823c010f2ef6bd272930aad7b,thomaxyu001
cbbd1df135309145f3704ef719892b30,thomaxyu001
a74723dc8a1ca217350bbb268cc8b2b2,thomaxyu001
c81a5f1706fd7ca26a95dfd4070f7ea2,thomaxyu001
dcaaa72e921667530005b3a64d3ec875,thomaxyu001
09cec1a812fbe91b83f60accba8bb47f,thomaxyu001
081904aabba1b729d293022748c489d5,thomaxyu001
de9b5ecb05f1bafd122d8737357deed2,tgsuarez
7bed2ca68bb21e7256bb7484b9293a76,tgsuarez
cccd459a5548773e396cef19f699dcb1,tgsuarez
119aa46cf3970b5ddd7b1437782479aa,tgsuarez
39fb92060a5a6bebdd6f942f3476b531,tgsuarez
37dd02d152541bd0ccce91ccf9f4fe57,vedantmehta
135f652c2f82125c2167d508dfba9685,wernersa
3a48ff80fc44245821d4a7ba3859ea5b,wendelcosta
d5676713957469c965c2b51eb565c26a,yifancui
c21640c9c00847e0b24c5aa8b4b60dc9,yifancui
a2dfffba209b30b7a811d77ac263025c,yifancui
2fa84aa1f7f618a7dc6f202c7d76757b,yifancui
a32fcf88e22d61760d4aec1118266fff,yifancui
64a8ed6f62f6dadbc90d423c10c32527,yifancui
2d91107c1ccc7a4c3e44e3b610f5d043,1wheel
3fb3ba0d3f2cc35aed3bda8b518d0ec3,1wheel
2322a47e760dcdc378dae1cd89d635af,1wheel
5f0913c88cf80c6a3b00afb7b4f832db,1wheel
b23c3db8417df4e6825ff25344ea44a7,1wheel
e051435d784dae23360cdddd6b832a16,1wheel
f750c737d91bce2d6821334cfcb2c7da,1wheel
45f3ed2f6931c286932fe34058c096c0,1wheel
8a680ee79794993046c92243db5873de,1wheel
fa0af9a436509f895c1484941d796839,1wheel
f9b9909f10ed0f01780c5338ad38bd50,1wheel
76ff74dff467eab541754bddb07d6e4a,1wheel
6f201dccb2b83163f8c92259cb7dbd2e,CBasis
bf64676d0495518d98fffa21df46d0f0,Fil
f5bd210b558180387db52b50f378329e,Fil
86659f9cf0ecbc14337e6d33f7c95073,Fil
302d078a089caf5aeb13e480b86fdaeb,HarryStevens
8c9eba0905777a6ea778ebfc16f4d743,HarryStevens
75b3eb474527c10055618fa00123ba44,HarryStevens
bd3ce1862ccfbb5b0c78b56aca8fca6c,HarryStevens
4f21797e13c4dcb6baf39bd16d7b648d,HarryStevens
e159afb21b227ed42e250013c385115c,HarryStevens
3bc69a5dd80b7a634b3090c54df36da9,HarryStevens
d1bc769436b43438d9b02d25a3315e0d,HarryStevens
95f85e0043f520dcbe115f3f9cfbcdd3,HarryStevens
944fc151f210ddf6bd6ebaeda12c3d05,HarryStevens
2d8d15a34c637cba6a85c6eb039ce072,HarryStevens
81e7699d43b2373ba805e23c5eafa21e,HarryStevens
f59cf33cfe5ea05adec113c64daef59b,HarryStevens
277bf4ac0c5a91a0be08be5dc23115c7,Kcnarf
085a4df16fe715dd7fa78ab925c7d09a,LuisSevillano
0d0067c23463c95cc3b4d5f2633bdde0,LuisSevillano
15a1a29310e2358b8a9a587fb22a8856,Mbrownshoes
2405b9a0e192fb268d95683421cbbdd2,SpaceActuary
1360019a96922666975100fff9c810a4,Thanaporn-sk
67d8d38332541e5befd85de6779040a1,Thanaporn-sk
16dae827327770bb4a46b95b82dae057,Thanaporn-sk
0e0d2f240632665387a2a0b9aee8c73b,Thanaporn-sk
3daa733f1d89b4e2f20e77a99ad1cffa,aubergene
5a1b286d75409d7485d27410af2c6dcd,cjbassin
360802ced80a0689205c163d00cc2a68,clonardo
936a030583ecaa01601447a91f49bf7c,curran
c1ce02fec883faa15fe2191d98985440,curran
94de4605e4c3c91a50297669221764f1,curran
1d7e3ac809fffbb723834dabcfe1838a,curran
266399f3c1bd8b401413ba7dd149a451,curran
0b5c3711cb8772088179e56106fe1844,curran
3c49f6d1ea969a2f4279dd09844baa38,curran
eb8c8a5d0b9cff6d7a84e5a41ac5abe6,curran
2c4d5eccd668085b39e2c9015e916b98,curran
8e7835801fc37eb3635a3e022df8cc0e,curran
76a970616923968b4d7cf9a5ab07cb5e,curran
010687ccc371d1d417ce9f1f238178e1,curran
83fc0c6ebec33a7703679c38eb5bc5ca,curran
3d18ac560b099235c94c49c4ea3b2b15,curran
76ea71df0135ffcc8408d9a022ff0aa0,curran
d77c39a1550de4ec5a98a46460f72f27,curran
2785993c68c2591aa654c31f36186103,curran
649fe7203bf995a23478986f623b9673,curran
f5282f177a5d339bc9d3e59745879fd7,curran
87ec3de5f5ce431935c7991f895d0f45,curran
a5eb535be08124ff8d3cb1cc1fde8f13,curran
43033756ea06f95a7f6794fe438ba48b,curran
fd13cccd5b002ce0ac6ef564392bbcb4,curran
ee168e08aee3966f6b3b8228dd041e87,curran
687de59a6d22fa139820e1786a697216,curran
c96c5900f0ffefc77d2bfe57d4d25df5,denjn5
53a2495557cb9695322adc9ddbd133fd,denjn5
c27756b9fdadfa1a6490578331596906,denjn5
4bdda16ab6338772a7882ec2f5f2a9c7,denjn5
4cc1a43f41efdc0ae6b7a1bf6a7d5e4e,denjn5
6914f73f8bc3f009a875fa2bd11f81d8,denjn5
bb835c4fb8923ee65a13008832d2efed,denjn5
6d5ddd4226506d644bb20062fc60b53f,denjn5
973474e72ce17cfe20f8898f95eb03f7,denjn5
51f3d7ea545dd20d5f84250ca1258713,dribnet
b963e498ccfce6a14de7827c1df6e665,dribnet
6d47408e1e7378fbb811836f6fe230c1,eesur
ccbab7a67537042af5ed9682121a187d,eglassman
9fdeb1aef6fc2d91944d96f38038b253,eglassman
ddae4eceaca841f229d63cc91c2c03c3,espinielli
4470c433a63e39489b6baa91fad0a610,espinielli
07ebf42bec351fcf36397830322af79f,jermspeaks
a4fdcbf452a6c73681ee23a03e5cd15d,jermspeaks
298810bd538ae55167c0aa7875653dd4,jeremycflin
df33bbba4cec6e6eec30df0e4a8a3cb4,jhb
3d305d8506d33c76917decefde960715,john-clarke
f78367c32532a9e1f51aa2248247c6f4,jonsadka
42b85876812b204fbaef904e6bd8374c,lorenzopub
c301a9486972560f5f2724d108013b20,lorenzopub
90d90746af84f1fe3d782d47f3739a30,lorenzopub
135e023e86d6f845bac8020bdb68407e,lorenzopub
a8efd32a4099bf1c79e109a8cab8584b,madams1
839c791c54ba667ef7ec96e4bb9f85b7,mashehu
0af284c752071c54253f88acf3cf5118,micahstubbs
703b1c69a28f5a9d17b645d1253c1233,micahstubbs
7c025e79f256e9325002f89430c87ea9,micahstubbs
8a21b7acf4ed2f9c3d3a3e2f3f0fabd8,micahstubbs
2da7506d6309b9adc67e28889cf97284,micahstubbs
ebb54bcbd571888c26a9957c16feb4bb,mukhtyar
803a131d4c34fde54b9fbb074341daa5,patricksurry
210f679b1087b517ce654b717e8247ac,rpgove
cb60b88d5b42ab50a5073e09f78a960d,rveciana
b97f86898fdc5753a1811c2eca559a99,sifbuilder
b6d0ad90bc8b9b9e329b7cca92c60f75,tacastillo
b57a2b84ac3c163de868e64b1bf3f6e9,tkb
bb353738d84198b2865760a3f667590d,tonmcg
f73a13c5b5981fe97e6bf4dad1f52238,tomshanley
62f93a4658387bb61e4510c37e2e97cf,tophtucker
3497751d1ae936f92f3fbf00e17e4a54,tophtucker
bcfc5baa9e7998fb97b3091d2499fe16,vasturiano
cb1a9862f2235082c9c3a21ac8457196,vasturiano
3c27138769a04d1780562ce04afbedf2,vasturiano
825ea5fe26c1dd9172efc3dc849e6fe3,vasturiano
b7c667a15e7e5a72067e12fc99ceaaec,vasturiano
773c84f393afc98de3e99d551566481d,vasturiano
d1441fc9b1a5cf9e212bd966d959589b,vasturiano
d0abfb4e84e6dc0801ccf382b0f479d1,veltman
f2b2a06d4ffa62f4d39d5ebac5ceeef0,veltman
3195a6c9f7426ee699b18ee4c8e99181,veltman
6204863ae290904fbae83ca5490d4b1b,veltman
77679636739ea2fc6f0be1b4473cf03a,veltman
d4660e6acbf56a0ad6b06e491afeec65,w8r
6abe215365cb4ba0a8cce4e1a83c8d7a,w8r
6f4ed843403bdf0d9ffd0d6e0d662b46,w8r
e39f19d6c98df655e0492abf8be469d6,w8r
1d076045fdfd640eea619316d4d85583,w8r
0e59422dda4f7f507f2403378528d721,wcjohnson11
6cf6c7991a164313ee1cfa90673868a1,wcjohnson11
d863e83b41e94ad6aa6dc36077d3cff4,zanarmstrong
791bab81ec3b006ab90ce860a3df4594,tophtucker
13a7234c4ea073bd7caaa11abb1f7b5d,veltman
403f95aee728d4a043b142c52c113f82,veltman
9bdeddb97d5c71f425743442761d5384,vasturiano
59adce85e23f92a1e76bb09612a3a215,vasturiano
818f5fa0f91f9f3d8a29efe9bf66f8b3,vasturiano
321a770c3f4b041d1a4f40f1f4ecbb6c,vasturiano
017a2093623e1bf3ae041dd3380578cb,veltman
82fd0680111b09f08b8d688cb0de545b,w8r
ea80d929bdf77794bb5e8312bad4612a,AinolaLong
61ab66ba6d934118dbb53468ddc4d273,BlueTwist
26e875ead0b2f7e472c5b237e8e619fa,Carlos-Augusto
566e31cde7216d8c993062ff8353cfc4,Chmits
c77b8b74cb543ed4e3e7a710ec4f24dc,DenisKealy
222500b39e0f6d9aa895189d6804fb99,DenisKealy
c02b28e24dea87a1e5d345c8810a4545,ElisaDnr
2e0178cb8dc0a372a034617c6c4a0198,EndNight95
f20e85145832a6ae5f6636cc8d61f3fd,EndNight95
2e0ae6ee55c6a9c8422540b216cb482f,EndNight95
f69269a7e091f9cdfdd8b834afadadc9,EndNight95
518a6ddba0377b892d602e0b62d3adba,EndNight95
dfbf6fdd9ba12322254ebdf6d0808f90,EndNight95
93ce5445e3fba94c0f78979a21289693,EndNight95
3ed229404fde56fb7b27da9516d95bcf,FergusDevelopmentLLC
3d486648556a3eee60442da977022fd1,Herst
98342b35922c3feed6339825275fce47,Herst
4de3e197937f08a46d9ecb4c35db06cd,Heywhoyou22
2fe49475fc6d0acbb7aebe1dadbf5a1f,Heywhoyou22
992b95c5fa05697a8001fe91e8c0b926,Heywhoyou22
a453fe7f9e408a07d38c7f4c7d3ce125,Heywhoyou22
1cec7d63f8495e584b7a9e2026a99e73,Heywhoyou22
63816eea987abba9efa7b0e57cacbea7,Igathi
b5a17b4c29b24effd1e4a2d268d57fef,JuanKRod
b0fad056a1e75d2bcdd670060d6680b6,KevinGutowski
32bbcd8c360e6d8aa0d5b7a50725fe73,KingOfCramers
6b07bb94ef0e71d77514c1a1764bd389,Kirun1
80ddf480a3d3e04dd54e26dee104e14d,LaurynKW
498c4ec29fa9d83c1afa240ef8ca070e,LaurynKW
e0ac55acbb3c19ead6f3e0472fa20486,LaurynKW
426b59aa874d0ee8a7016e1b86fe5eff,LaurynKW
ef5f1e54cdf777a8ab63ff042b495cbf,MNoichl
bbedb0a5cbfad8c11cf9661dd5a3bf4e,MNoichl
84da84c83530b15c9a65df5c5ae547dd,MNoichl
e5ed7a9947610e05d883c6a8d6c58bc8,MNoichl
4d4286bf895e7de2d8f3fac1022522b7,MNoichl
3bed9e4579fdf98579fc5b97b9d65a03,MNoichl
7c5475bcb983b599ec3ec31c675b799a,MNoichl
a32150e9937fbc7acfe0cd4f618d7472,MNoichl
ad6a54dfe20ed276f9174ed48de022aa,MasonChinkin
b1bb67f5b3a3bc576411c7403a04efd6,MasonChinkin
a2397287f7733d70afe6ee96bf70a1b3,MasonChinkin
5776c090ef29ad707e7835ee001662bd,MasonChinkin
342d54855c12f109fc904967384b5f05,Nate-Holland
a526cd08b7df724e6ba634716b963a18,Rainboylvx
d8088db277c38474f478f3b80ba94ed2,SSabu
5190898fa746cd1fe6051244146a4edd,RoxIv
742b7ed39a3e2ddfa54f39a874872b9d,RoxIv
2cb58c65ffa52e3c12529e183fd6a9b1,RoxIv
3910db8ebecce17d0ab634ea51c8beef,RoxIv
2f1833af2033a21c05041c764cb934b5,RoxIv
86b6f69b88225cb971d9788f0a41e2d6,Stroked
ce021c2d179972de88a8cea0734e6bf5,Stroked
55d0ac0d558733901950d41289da5d78,Stroked
93d22c8e3f8a6e7c55fbd2606bcc5da4,Stroked
9c4f5518920237d8180eb4c7b9b7a371,Stroked
d77ceed87c38f69396ed17de6a0a2ab6,Zaitsev
93640c5c28b2db4a6a7c2c0c573919e3,Zaitsev
7c435973ad936ddefb97158668f22c72,ZhengYingqian
b7e5570a92fd2742a45a3c2c9f6df882,ZoeLeBlanc
07e15c4a684a9b9cd00dbcfdbbd780fa,ZoeLeBlanc
6d00276000b3bd08f8200a68199db7ad,ZoeLeBlanc
9f4d5ab7a2865ffb19a0f2bfb1f79fe9,ZoeLeBlanc
1812b2187f94790e7678ea66fb966222,ZoeLeBlanc
d8fd9a0961e8805e463b6f2ad95e425f,ZoeLeBlanc
43fa971ec03e52ebf8ee02de29c05112,ZoeLeBlanc
5304369bb709cf06aea081a0d96893c6,ZoeLeBlanc
1038f8c053a67b26d7744eb47aed84da,adamjanes
2633ab44477a896da5c660ef6b7adde9,adamjanes
773dd086b8e0acdfc5c90debef172f22,adamjanes
8b78cb449e195427e3437b588ed958d7,adamjanes
5ab769deee9348b3f41159e1a5abe5a4,adanner
f7cd1b29662e86039b51c4efdda3d8ca,ajayjayayy
8ae8e1d7ddc4232781212f7ca04a25e7,adkatrit
fa9502b0087b829ef4d97e5d6d5ccfde,almsuarez
baa897c189ed64ba2bb32cde2876533b,almsuarez
f4291193d18ae27afb0914d3e10586f3,almsuarez
295c4ceb007e85e311b09208b342c444,almsuarez
7ff8b07a7717742217c6f6602176c57f,almsuarez
afe0c20feabb7d4fff5ba7579861c4d9,almsuarez
4333a12d2531d6c1f6f22b74f2c57102,almsuarez
de31c723360df5a1390164b35f1cbff8,almsuarez
851ed69e6b5b9cacaa4f5b1295a36ebe,almsuarez
8a6ce63698e7aa07b8ebf183fce1906b,alvarorueda89
756f79edaaf9804c5c3a6c220a703c17,alvarorueda89
e65622a5a114b037d0c1f1466eb6fc86,andyrutkowski
d93818ca31611077c3ca4660f06d47a1,aniston
4a7df36c54023bb1bf00d6fc66c9a3c8,aniston
5e4b62e9af57b4e7bd77ed9538dcd9cc,antonio-rodrigues
3e92f14f8b656f259041ae948dd8c857,asifm
1fcdcdd8f23b69bea715d7fec13c413e,asifm
d53f4595b21aa82de13480bd8aadb27b,atbarker
4385991412e19abb2f7bef3825339141,benchilds
0116d9b8e1d7e0aba0480de8455fb6e0,benchilds
d572e71510931192d57b10a3e8843d34,bitmammoth
3365421747c91b2eec2f2eedb80b182c,bmolab
851bb2a279564068020d81db4e03bacf,brandnewpeterson
c014f9626fb1be4b93f86f31612ed122,brandonhaydu
441ef3ec2d5be807645b7e1c635c6725,brandonhaydu
505094d7f9245b0992c2787fb8e22e9a,brandonhaydu
43b8d26c21c091363a27af70095d744d,brandonhaydu
bad525a6555b4fd2c35317c77e7c779d,brandonhaydu
05c88e6f0c06657923f5902841942c0b,brandonhaydu
9a4f2584bc6895e5271110aa79b48e72,brandonhaydu
4e85304dbbe074e97b72dc4e88e67b6f,bryangingechen
6bac1f31bfc9ae975ebc10f8f397db0a,chiffenok
10ab280fcaf75c47f7053e1a21af08c4,cprioleau
af3a9a698bd877a40afe1e1c00cf6aa0,cse4qf
c991123ac46e7d5374016217aee1d758,cse4qf
ca9a1ba97ed80c2c5ffb13d51689205c,cse4qf
9493dc462933b903d6869d56f4b51f91,cse4qf
4426363a81db28db8fb66c216d3d2319,cse4qf
7df81237502bfd76d3db2dfe6a9e5bea,cse4qf
4405d4c52f40307c03fc33ed4661e11f,danielt86
37f1e8e6ca92ed967283784c0324ca4f,deirdreisnotagit
e61aca51e0f5123a972377fd0b90e205,doncesarts
7d982999bf10dee9205f2e18ef5c223b,dukarc
06017a9027374cc1ac1fddd901bfcf27,eamonm95
08194fffc351a5ca4ade9d07a7bc8ac2,eamonm95
2d9275f0bc0af1c044fec902c3cec436,eastom
9e17e3854d08b5e326a178aaa2f75aa2,emilyrmi
c1be96f1ec4ceba4c6fe0439b8306fbb,fmassicano
c97869cb5fe49ad04c985447545f63e5,fogonwater
e56294fda805af49b0e4d2859529962f,fzyukio
16827f00b4a26d8c6133a4bc38b299dd,fzyukio
8d1c1fd8def0ede1140e70ad2a888a02,ginmoei
c5699b8155f64ef7834f9c05de91fda9,giorgi-ghviniashvili
799cd118e84b21308790761c41b9b41c,glimpsedchaos
3fec9ec1de00bba2e76b513f34ccd245,glimpsedchaos
6ed1a4c6d7815017718294e03aadf184,giguerre
c7efc8f5fddd1ca316a76dfd50286d28,giguerre
9385cb526cbca1fbe0b88a09289af348,giguerre
20ad2d6cf145f3cb45f372013320a3d2,happypills-12
1cec64158984416f6a7aea73ae8c0092,happypills-12
8bcffb710defabb7ef2243d1e61e5035,happypills-12
73c38f9c26439606fd63b2ef700db470,happenzZ
ecbf34e2332fa70c04febc4ccc23ffd3,hanshenSun
0454d8fc3ed9cd20efba985d86db88d8,hanshenSun
295f5274c9d2a7be52a6688b24604194,hanshenSun
cf6d7b4ff56310cd2f40dcd1aea62151,hanshenSun
91b0e835915dc9368777e84a352c332d,hdervisevic
869b540cd8731ef14d2cf2c518a1f84a,iamtmrobinson
1e98f46fd88a803a840d0ea53580d870,iamtmrobinson
185913b949c36dbf140184d137cb1e3d,ijlyttle
81c392ed462aec3cf1837dc2633200e3,ijlyttle
06a512525fbe7a96e1a2028e1871b61c,ijlyttle
650e59f6a81cf63b9004ae291fe90667,ijlyttle
1a636ee1eb0fc6489eb12350da42be52,ijlyttle
b61d20e6f6476f9cdac1254937f7cb6c,ijlyttle
1c54b49a83aa135350fc403ee14659da,ijlyttle
bccff7673c98e61b887684dbe597cbd3,ijlyttle
84ce12ce2c1093070f645a2bae3b8fa0,ijlyttle
5d53577d46e089612dc19b2df6ea4fe6,jabxtr
077ee4863a2daaede5148f6d1cc49673,jabxtr
bc3512f8f42f82a53df7e1fd65eea455,jlchmura
cda16865d902cafa475db875b0e96aa7,jonasius
54ff95a77dc54043997ce305bfc8427c,jt4212
b597c6d84913d2a77c653fc03660dbe6,jt4212
7589174471c4ddfe218c162003a5ee2e,jwasilgeo
f6d9f09cfe483fbbbdc6727544962499,jwasilgeo
afdc3496c77c93410c24cd535177342d,jwasilgeo
310c53db34962f992e06f0476a5d94a6,jwasilgeo
592f47160785ccf8de5b1ca7133df692,jwasilgeo
84025ab25dc43d8f1f6c0c550ad9805d,kapazoloo
84806c5f4e6b46397c63a11388fe8013,kapazoloo
fe6f7421bbde08446c8c8f66de586265,kapazoloo
8d4b7483c8620451e293d8053780a416,kdenny
1cedc745a5696a445f8831889d2f45e6,kdenny
9e8313b3b265a1c103272af745851d06,kenfdev
041b9fcef570acd156b4b80fac831bd8,laxmikanta415
6bd8d314fee9266cee6338e09aeb8ee7,leonsolon
9dc93d387fa6f6be52bdd9c63bc1060d,linard-y
6047444ed46e1baf9174a30ed95847d7,linard-y
8968771b45d822a74885d2a31fd98eac,linard-y
e17935d2e1a164a21a7e6f855940f2af,maragakn
0cd290cadc0e7cc3992eef8565962076,mindrones
5a20e38c9654f540497754566d089c4d,mindrones
3e775233c1417caf7d7e,mindrones
61bf499a6e6f3b3ea1a59ba3b7e2ae8b,miromarchi
3b8790bb45c628f4d4c599b68553372e,mjcoyle
f4d71462b7bf3ec084fb54c56c7b88d4,mjcoyle
83fe84a65372a66ee4450510b170a4f3,mjcoyle
86e9c97770cf798951d56761d1c5729e,mizmay
11dcf1e85aa2c51b9375d6f7a3241acc,nadinagerlach
7fb6760538d2a1f252ffb2c47d302599,nehashah264
4fd1aa51ff65991070660bc2af561251,ngminhtrung
b2d940e500af7bf29dd2ec3a9aa8facd,ngminhtrung
a829387d3bf42aed9b99258ab7d7d304,nikhilkuyya
551bbb6e1cb2ffe8d1cff9a044105cd2,njsturrock
7555fb69ddbf10a2a2b5adcad7886b0d,nmyatt
718bb1dcaad9f716f038283a5a127fd4,nmyatt
15c88968e269a2d1ebf7599215252db7,ojassvi
044af14c548b4bdce916924e6a98b6d7,ojassvi
a4acdb6c25f981d531956b605e549c74,ojassvi
f2e59e33091a3dae77e7a54340d91485,olabi
ada7889be7dd16753c4b75928bf270f0,olgamie
dd990e7d2773d9e281e2ea84d93fa9a0,noblemillie
ed91b3c65ab08546c6f54babf5a5d156,noblemillie
07c3ed7a98295a00cdf3c8bd77826a91,piwodlaiwo
00800a4981d43a84efdba0c4cf8ee2e1,pratapvardhan
43d219d55268952fb5c8c7fc33019cea,pratapvardhan
56b38c621b493f38464a4cf177768e6f,pratapvardhan
d1f3a89acda23b1aa3801153985f0ac2,pratapvardhan
9a87d387509f0cdfca1c0b0c34b4cefd,robcrock
6ccb332c1fe0bd021e94561a4eb447a9,santiagogaray
4cb2a0137d63bbff9f1e1b6e67e88492,saurabh73
fd87b2557f5fe611d1b4a298a5a8962f,scheid
ee61dff495f9d4bbe8d277ff62e45355,sandravizmad
393e051f267a572ba621c2b5cb0e0927,schluppeck
23ef6423e2aca1a7724a310b4bbdf233,scochran3
4b8af71b2ddb74fa229ec4277dff3744,shashank2104
86ea1fed6af7c657d0ce826d885921c9,soGit
6c94b943ecdf0982dc59d5ecd5758d54,slowkow
e8c1f47c69aab548d2b332ee022b49c9,taegon
4fa28fb332bdb4d718b02fdf0571aa9b,taegon
9043bd2027b73890dce0eca38226bcbd,taegon
1e973e310341d1059d111f0e1e01518f,taegon
60e9eb02f5b00625dbfbd11b49d00df3,taegon
8da3256de93b3b981e1dc1f762a9987c,taegon
3553cc0400957131fcb5b99e4db77ade,willzjc
a3676ee2f6d6185fad30ba52dd98f5c1,willzjc
1da814bcc3947e99529635ad6c094825,willzjc
1b97b6067818e0f78029b47e0fec467c,willzjc
e150b163c12371d779c3bb031256fb3c,willzjc
ffe02267ac842a34f3dce3803ca50711,willzjc
e934fe65929669a74a0d4b66f651858e,willzjc
d9c8e17ae360f6b2629f96a16f97aa73,willzjc
3686c8ea66d8c980ec768bfc4be42ea6,willzjc
02b2444283d462ff1ebd1c738c59b5c8,willzjc
ccbdf680bf5caccffc7180f6ab92aee6,yashkandukuri
151e983bcfadf551c58d49444c932425,zhangzihaoDT
f096b9dd770aff80ad5445aa59925a05,zhangzihaoDT
207a260e42d3845e813717f60d4345c3,zischwartz
15d253b647fa81f2bd1498132a007f12,FrissAnalytics
4ad0e0af1ea53ac989e60a6b100494b9,FrissAnalytics
36b90e4ec439ef4e74a9cd1e799fdf89,FrissAnalytics
0308def61709baa51e6b15ab4200f52a,FrissAnalytics
585f3501fc291cbb8fd05383e0dbb71e,FrissAnalytics
1bf3c189e9f7ab963c5d8dec35a27ee4,FrissAnalytics
d5f6ec4da3b4830784ee9a984f5bae25,FrissAnalytics
d66e1b39dc362e0306e98e71d3529da7,FrissAnalytics
d754c7f1c2fcb468a0242997acd57604,FrissAnalytics
8ab8cd33cb06d40286c9474425d461a1,FrissAnalytics
0bae61389cc1a3fd2faa11b551d51fd7,andressarg
d67d4ad8cd7efacb2dde5e618a9ada1b,andrewcowley
400c786bbbaf700db3ea51c61274726d,andrewcowley
55ae93f7c487c69d92004cf58451a9f6,git-ashish
3e931f7b5876254d7156a85cdd286f7b,micahstubbs
ca2bbbc681dc9525d534e3197508139e,micahstubbs
0a58f8bf5a14f6a534b9043a9c63dd1d,1wheel
910ce0a41712f24b99bf474ffe550741,1wheel
710209f35c2429b677936f6623b14471,63anp3ca
65938a5b24c33424e76ea2563e3088fe,63anp3ca
7d1c283b35557060daafeb3ba481eea2,63anp3ca
ace7586c75b96ff2fbc874465e7db223,63anp3ca
4a3570f89f94d45839d4749351fe16ee,63anp3ca
6c9592c5e5cbb578101303908104ee35,63anp3ca
0ad684051b4ec596a6581b6963dc47a0,63anp3ca
25cae38062726204de683b4c1d8ded5e,63anp3ca
a9ae6ca8bb96b51f7197e0c9af3d67df,63anp3ca
6f661ddde7cb68f4e7929de26d834a38,63anp3ca
890fe61c5c988424fbdf4cf870dfd044,63anp3ca
2fd1126f60a97fddf575d3f23a450f3e,63anp3ca
e8625e468fa443930f0ab2c22c329b52,63anp3ca
0f78adbdae7c09b675284238e7a897a6,63anp3ca
e452d8c4210926d3a162162ec41b7f55,HarryStevens
220d0830623246506356147790a3ed25,HarryStevens
9d2714bc1bf022e68afd05c78a09a9ee,HarryStevens
255ae1a086df799339e7bf81263c0a60,FrissAnalytics
8bbd15587cfcc7c35cee48f4e2a03caa,FrissAnalytics
c0b65e72de1f9cfc3c5bdea1950490aa,FrissAnalytics
cd758d117ed339d185ccf82191544864,FrissAnalytics
455fef22e67114a73ec14d456d5b2afa,FrissAnalytics
db72996a3c960ed8366d5657372bf9a6,FrissAnalytics
13deaa36748a7c6d95e5f5591ecd49f0,FrissAnalytics
ef39826a06e26d79809a3c24cbc76798,FrissAnalytics
1cddbb2971134146f7cc2d22884c51d3,FrissAnalytics
0b47c1c3e219bbd5569e7830a4cd3268,FrissAnalytics
bb19a36cab561e2e01688ac7d7579334,FrissAnalytics
b30a6e24d6492104a4ab5bb025abd5f8,FrissAnalytics
c049531e3dd6ed4220037e6d50f36280,Hugoberry
672d7f222ac867d50db039272e6d357f,Hugoberry
edfb5c16858913b8f3a92254be22fd36,MNoichl
9b8d859c821a6ad3a94be488ebc874e1,as-eldlc
f3de248a91fe2995a97aedc6ea0c39ad,curran
fde033d3b1603dee3d9d8f907e7b9921,curran
819c83516451c8e84a38eb57afe7a542,denisemauldin
dece0be274ed3a21ee238c351dc99c51,dribnet
d48a3e46be2971570f0a4c2bc10f6e9c,dribnet
d6851d1f0dbdde9d16a052a4ea434d7f,eSlivinski
4fcfc2b4d67158bb1ac0ac67c9827343,giorgi-ghviniashvili
51bec2129fed85dae06eb791fd07d078,git-ashish
c535a3172c9f7fabf316e18d5ab7b086,ijlyttle
8cce9bf5458d4e10b4de1e828e4eade1,ijlyttle
eefe50ee76b75f0246f0369bee8d9ae2,ijlyttle
7b392b833cc212c746894510ddb34e71,ijlyttle
61738a08502ea94d0f175ac8f9cd3089,ijlyttle
335c6dd7bb5711b4772dd14e2070b45c,ijlyttle
57bfeddee4243389d4338cf41f9d9115,ijlyttle
08e8b9247a0de5565606a58d57d81cd4,ijlyttle
049c8f382ea07d48ca0a395e661d0fa4,larsvers
ff4c781ac55bb21ef917e1dd14b4de36,lorenzopub
958a94d1839bbdf0496b0a0f5fab4730,micahstubbs
67d7aa147948d701e336f1f0589bf1e1,micahstubbs
7c846633ea98abf43212e25b2c6fc7ca,micahstubbs
1eddda946e40064a0f7eb1ccc89f8962,micahstubbs
efa88d4bb0c4516edc4ce1cfd49c6c41,molecule
832e2c8532a6a931d468fdcd6f761ecd,morganhaoyu
de46a484097ce921c0aba756d9c16b78,morganhaoyu
277ad6bc6cce48474c7a6c60b2f3d6d2,morganhaoyu
f81fd8c0f5ca2aa9aeb9ab2f7473600f,robyngit
6cffd2014476b329f54e45515b05fd4b,robyngit
e95219af7bad2c91b8d8bb8e95251ca2,robyngit
9cb44496954ef5d1c36f0dee064008a2,robyngit
89327a78e22d138cff19c6de7288c1cf,robyngit
417f0b7f1492e67e88f58a9b1510fae4,russdb
91b629d85c1db43c9d2126536898fbf4,tomshanley
d041815cfc669fc647f0271bbd3ff307,veltman
9e9cfd4ccea3a93038920f2d470e95f1,willglanville
